alt; T; H; rho; P; mu
0; 288.0; 8428.336280619827; 1.217; 100000.0; 1.789e-05
1000; 286.5635940074925; 8386.299778049166; 1.0802005448993397; 88759.28881670826; 1.7827494448522823e-05
2000; 285.1343521197604; 8344.472933409743; 0.957632875873477; 78687.99308738513; 1.7765207284075575e-05
3000; 283.71223860568205; 8302.854701028262; 0.8479507724349116; 69675.49485907242; 1.7703137743639716e-05
4000; 282.2972179123455; 8261.444040446748; 0.7499205271920969; 61620.42129762505; 1.7641285066862598e-05
5000; 280.8892546641598; 8220.23991639653; 0.6624130738583439; 54429.99785195923; 1.7579648496048157e-05
6000; 279.4883136619703; 8179.2412987723565; 0.5843965181193711; 48019.43452090149; 1.751822727614763e-05
7000; 278.09435988217916; 8138.44716260666; 0.5149290643869241; 42311.34464970617; 1.745702065475031e-05
8000; 276.70735847586906; 8097.856488043902; 0.45315233022143286; 37235.19558105447; 1.7396027882074305e-05
9000; 275.3272747679328; 8057.468260315112; 0.3982850391091916; 32726.790395167754; 1.7335248210957405e-05
10000; 273.9540742562056; 8017.281469712488; 0.3496170813243377; 28727.779895179763; 1.727468089684786e-05
11000; 272.58772261060335; 7977.2951115641745; 0.30650393178768914; 25185.203926679467; 1.7214325197795333e-05
12000; 271.22818567226363; 7937.508186209135; 0.2683614131473447; 22051.061063873844; 1.7154180374441747e-05
13000; 269.8754294526922; 7897.919698972161; 0.23466079174350968; 19281.905648603915; 1.7094245690012266e-05
14000; 268.5294201329131; 7858.528660139014; 0.2049241936754798; 16838.4711319211; 1.7034520410306252e-05
15000; 267.1901240626232; 7819.334084931668; 0.17872032785502223; 14685.318640511274; 1.6975003803688283e-05
16000; 265.8575077593511; 7780.334993483703; 0.15566050270020435; 12790.509671339714; 1.691569514107919e-05
17000; 264.53153790761974; 7741.530410815802; 0.13539492298955985; 11125.301806866051; 1.6856593695947106e-05
18000; 263.2121813581137; 7702.919366811373; 0.11760925335079439; 9663.866339424354; 1.6797698744298592e-05
19000; 261.89940512685064; 7664.500896192313; 0.10202143489343934; 8383.026696256315; 1.673900956466976e-05
20000; 260.59317639435636; 7626.274038494849; 0.08837874160344791; 7262.016565607881; 1.6680525438117413e-05
21000; 259.2934625048445; 7588.237838045549; 0.0764550632922784; 6282.256638642432; 1.662224564821028e-05
22000; 258.00023096540014; 7550.391343937421; 0.06604840212626872; 5427.1489010902815; 1.65641694810202e-05
23000; 256.71344944516744; 7512.733610006142; 0.05697857004703931; 4681.887431967075; 1.6506296225113406e-05
24000; 255.43308577454135; 7475.263694806401; 0.04908507472346916; 4033.284693793686; 1.644862517154178e-05
25000; 254.15910794436348; 7437.980661588368; 0.042225182043963284; 3469.6123290027344; 1.6391155613834203e-05
26000; 252.89148410512166; 7400.88357827427; 0.03627214355807564; 2980.4555101130354; 1.6333886847987863e-05
27000; 251.6301825661539; 7363.97151743509; 0.031113577703214195; 2556.579926311766; 1.6276818172459675e-05
28000; 250.3751717948561; 7327.243556267389; 0.026649994099633985; 2189.810525853244; 1.6219948888157645e-05
29000; 249.1264204158935; 7290.698776570221; 0.022793450660096613; 1872.92117174171; 1.6163278298432328e-05
30000; 247.88389721041665; 7254.336264722191; 0.0194663337346937; 1599.534407123558; 1.6106805709068292e-05
31000; 246.6475711152807; 7218.15511165861; 0.01660025199203843; 1364.0305663137576; 1.605053042827561e-05
32000; 245.41741122226887; 7182.154412848766; 0.014135035221353412; 1161.4655070955966; 1.5994451766681393e-05
33000; 244.19338677731977; 7146.333268273314; 0.012017829722332483; 987.4962795671719; 1.5938569037321327e-05
34000; 242.9754671797585; 7110.690782401774; 0.010202282427820382; 838.3140860986343; 1.5882881555631287e-05
35000; 241.7636219815317; 7075.226064170143; 0.008647806375490636; 710.583925677127; 1.5827388639438922e-05
36000; 240.55782088644634; 7039.9382269586185; 0.007318920606321533; 601.3903538472912; 1.5772089608955314e-05
37000; 239.3580337494122; 7004.826388569431; 0.006184658017623077; 508.18882642753294; 1.5716983786766647e-05
38000; 238.16423057568835; 6969.889671204793; 0.005218035134832268; 428.76213104620115; 1.5662070497825913e-05
39000; 236.97638152013332; 6935.1272014449505; 0.004395578187752132; 361.18144517273066; 1.560734906944464e-05
40000; 235.79445688645876; 6900.538110226349; 0.0036969002821322997; 303.77159261563673; 1.5552818831284633e-05
41000; 234.61842712648738; 6866.121532819906; 0.0031043248455148837; 255.08010234304712; 1.5498479115349807e-05
42000; 233.44826283941387; 6831.876608809395; 0.0026025508963824482; 213.8497038933811; 1.5444329255977954e-05
43000; 232.28393477107014; 6797.802482069931; 0.0021783560373582578; 178.9939225438174; 1.539036858983262e-05
44000; 231.1254138131938; 6763.898300746571; 0.0018203334062381487; 149.57546476895223; 1.5336596455894976e-05
45000; 229.9726710027006; 6730.163217233017; 0.0015186591328803403; 124.7871103434955; 1.5283012195455697e-05
46000; 228.8256775209602; 6696.596388150424; 0.0012648871455101577; 103.93485172638928; 1.5229615152106934e-05
47000; 227.68440469307586; 6663.196974326315; 0.0010517684470212868; 86.42304412664639; 1.5176404671734234e-05
48000; 226.5488239871674; 6629.964140773606; 0.0008730922407106088; 71.74135092116752; 1.5123380102508544e-05
49000; 225.418907013658; 6596.897056669727; 0.0007235465260139199; 59.45328890829251; 1.5070540794878234e-05
50000; 224.2946255245646; 6563.994895335854; 0.0005985960087501804; 49.186196281855416; 1.501788610156112e-05
51000; 223.17595141279133; 6531.25683421624; 0.0004943753777420585; 40.62246324914202; 1.4965415377536552e-05
52000; 222.0628567114271; 6498.68205485765; 0.00040759619113023916; 33.49188094743132; 1.4913127980037505e-05
53000; 220.95531359304644; 6466.269742888906; 0.00033546579195424466; 27.56497879656899; 1.4861023268542704e-05
54000; 219.8532943690137; 6434.0190880005175; 0.000275616834382938; 22.647233720865902; 1.4809100604768785e-05
55000; 218.75677148879092; 6401.929283924437; 0.0002260461501156056; 18.574046845982384; 1.4757359352662464e-05
56000; 217.66571753924893; 6369.999528413888; 0.00018506181972354987; 15.206394389774024; 1.4705798878392757e-05
57000; 216.5801052439822; 6338.229023223319; 0.00015123743685010899; 12.427069585054147; 1.465441855034321e-05
58000; 215.4999074626268; 6306.616974088448; 0.0001233726650164473; 10.13744166117069; 1.4603217739104162e-05
59000; 214.4250971901819; 6275.162590706399; 0.00010045928806264173; 8.254666233577792; 1.4552195817465034e-05
60000; 213.35564755633476; 6243.8650867159495; 8.16520467422749e-05; 6.709288968140911; 1.4501352160406646e-05
61000; 212.2915318247888; 6212.723679677869; 6.624363641552641e-05; 5.443191159862482; 1.445068614509357e-05
62000; 211.2327233925953; 6181.73759105536; 5.364331485604561e-05; 4.4078319520168945; 1.4400197150866476e-05
63000; 210.17919578948835; 6150.906046194594; 4.3358635576700116e-05; 3.562747376885794; 1.4349884559234561e-05
64000; 209.130922677223; 6120.228274305343; 3.497988143286707e-05; 2.8742712763243277; 1.4299747753867942e-05
65000; 208.0878778489168; 6089.703508441711; 2.8166826189979272e-05; 2.3144475094477626; 1.4249786120590131e-05
66000; 207.05003522839473; 6059.330985482961; 2.2637498820614704e-05; 1.860106723140074; 1.4199999047370494e-05
67000; 206.01736886953725; 6029.10994611444; 1.815866706630991e-05; 1.4920843932875847; 1.415038592431676e-05
68000; 204.98985295563162; 5999.039634808589; 1.4537793765888549e-05; 1.1945598821601107; 1.4100946143667554e-05
69000; 203.9674617987264; 5969.119299806058; 1.1616252085718809e-05; 0.9544989388429588; 1.405167909978494e-05
70000; 202.95016983898947; 5939.348193096913; 9.263614523728351e-06; 0.7611844308733238; 1.4002584189147021e-05
71000; 201.93795164406887; 5909.725570401939; 7.372855800438264e-06; 0.6058221693047053; 1.3953660810340524e-05
72000; 200.93078190845694; 5880.25069115402; 5.856331866490971e-06; 0.4812105066960535; 1.3904908364053446e-05
73000; 199.92863545285792; 5850.922818479647; 4.642416585813024e-06; 0.38146397582687125; 1.3856326253067713e-05
74000; 198.93148722355815; 5821.741219180469; 3.6726945057045687e-06; 0.3017826216684115; 1.3807913882251856e-05
75000; 197.9393122918; 5792.705163714987; 2.8996227807770085e-06; 0.23825988338348464; 1.3759670658553726e-05
76000; 196.95208585315848; 5763.813926180302; 2.2845880313434456e-06; 0.18772292780143346; 1.3711595990993233e-05
77000; 195.96978322692127; 5735.066784293971; 1.796294918480752e-06; 0.14760023980942907; 1.3663689290655094e-05
78000; 194.99237985547143; 5706.463019375947; 1.4094327143698047e-06; 0.11581205541247368; 1.3615949970681635e-05
79000; 194.01985130367387; 5678.001916330621; 1.1035743232019873e-06; 0.09067989508644102; 1.3568377446265586e-05
80000; 193.05217325826413; 5649.682763628934; 8.622692307499486e-07; 0.07085203210763752; 1.3520971134642928e-05
81000; 192.08932152724063; 5621.5048532905885; 6.722978774068302e-07; 0.05524222493071734; 1.3473730455085754e-05
82000; 191.13127203925998; 5593.467480866365; 5.230600913420862e-07; 0.04297946518833905; 1.3426654828895145e-05
83000; 190.17800084303508; 5565.56994542049; 4.060746016041486e-07; 0.03336685304882075; 1.3379743679394096e-05
84000; 189.22948410673638; 5537.811549513123; 3.14570378078394e-07; 0.02584801791934215; 1.3332996431920435e-05
85000; 188.285698117396; 5510.191599182922; 2.4315370641977365e-07; 0.019979762236628895; 1.3286412513819796e-05
86000; 187.34661928031517; 5482.709403929689; 1.8753758057644018e-07; 0.015409825848516037; 1.32399913544386e-05
87000; 186.41222411847397; 5455.364276697114; 1.4432225252030794e-07; 0.011858853945793585; 1.3193732385117066e-05
88000; 185.48248927194473; 5428.15553385559; 1.10817678648566e-07; 0.009105807612864912; 1.314763503918224e-05
89000; 184.55739149730783; 5401.082495185129; 8.490019746854009e-08; 0.006976187137924411; 1.310169875194106e-05
90000; 183.63690766707072; 5374.144483858353; 6.489710908130063e-08; 0.00533254799353333; 1.3055922960673427e-05
91000; 182.72101476908972; 5347.340826423578; 4.949394290943297e-08; 0.004066881093626374; 1.301030710462533e-05
92000; 181.80968990599467; 5320.670852787971; 3.7660129901609086e-08; 0.0030945053329177554; 1.2964850625001963e-05
93000; 180.90291029461653; 5294.133896200801; 2.8589568146902838e-08; 0.0023491839068942345; 1.2919552964960878e-05
94000; 180.00065326541784; 5267.729293236775; 2.1653211326464884e-08; 0.0017792285395616175; 1.287441356960518e-05
95000; 179.1028962619258; 5241.456383779439; 1.6361338963055155e-08; 0.0013443992574408508; 1.2829431885976704e-05
96000; 178.20961684016856; 5215.314511004692; 1.233360408456805e-08; 0.0010134432279842276; 1.2784607363049267e-05
97000; 177.3207926681141; 5189.30302136435; 9.275313046001237e-09; 0.0007621456898932816; 1.27399394517219e-05
98000; 176.43640152511185; 5163.421264569819; 6.9586868458308806e-09; 0.0005717902091890617; 1.2695427604812134e-05
99000; 175.55642130133708; 5137.6685935758305; 5.208094288929559e-09; 0.0004279452990081806; 1.2651071277049285e-05
100000; 174.68082999723842; 5112.044364564267; 3.888444011265541e-09; 0.00031951060076134275; 1.2606869925067783e-05
101000; 173.80960572298767; 5086.547936928072; 2.8960824278419227e-09; 0.00023796897517189172; 1.2562823007400516e-05
102000; 172.9427266979326; 5061.1786732552255; 2.1516745652645777e-09; 0.00017680152549421344; 1.251892998447219e-05
103000; 172.0801712500524; 5035.935939312812; 1.5946498900830595e-09; 0.0001310312152903089; 1.2475190318592727e-05
104000; 171.221917815416; 5010.81910403117; 1.1788801304857206e-09; 9.686771819931968e-05; 1.2431603473950673e-05
105000; 170.36794493764276; 4985.82753948811; 8.693244318854773e-10; 7.143175282542952e-05; 1.2388168916606631e-05
106000; 169.5182312673663; 4960.9606208932155; 6.394320612605791e-10; 5.254166485296459e-05; 1.2344886114486736e-05
107000; 168.67275556170063; 4936.217726572227; 4.691368150248439e-10; 3.854862900779325e-05; 1.2301754537376118e-05
108000; 167.83149668370902; 4911.598237951497; 3.4331237315508615e-10; 2.820972663558637e-05; 1.225877365691242e-05
109000; 166.99443360187576; 4887.101539542529; 2.505857844703554e-10; 2.059045065491827e-05; 1.2215942946579316e-05
110000; 166.16154538958017; 4862.727018926587; 1.824284580709623e-10; 1.4990012988575375e-05; 1.2173261881700072e-05
111000; 165.3328112245736; 4838.474066739385; 1.3246160912821813e-10; 1.088427355203107e-05; 1.213072993943111e-05
112000; 164.50821038845868; 4814.342076655854; 9.592698521361437e-11; 7.882250222975708e-06; 1.20883465987556e-05
113000; 163.68772226617168; 4790.33044537499; 6.928462841011771e-11; 5.693067248160864e-06; 1.2046111340477094e-05
114000; 162.8713263454667; 4766.438572604754; 4.990801090256385e-11; 4.1009047578113265e-06; 1.2004023647213149e-05
115000; 162.05900221640323; 4742.665861047085; 3.585360233310521e-11; 2.9460642837391296e-06; 1.1962083003388993e-05
116000; 161.2507295708358; 4719.011716382959; 2.5687174843206075e-11; 2.110696371668535e-06; 1.1920288895231216e-05
117000; 160.44648820190608; 4695.475547257522; 1.8353237495155615e-11; 1.5080721031352188e-06; 1.1878640810761475e-05
118000; 159.64625800353804; 4672.056765265324; 1.3077163757068796e-11; 1.0745409825035986e-06; 1.1837138239790209e-05
119000; 158.85001896993498; 4648.754784935594; 9.292031183028604e-12; 7.635194069867381e-07; 1.1795780673910406e-05
120000; 158.05775119507962; 4625.56902371761; 6.5840876571114615e-12; 5.410096677988053e-07; 1.1754567606491368e-05
121000; 157.2694348722363; 4602.498901966133; 4.652217128014032e-12; 3.82269279212328e-07; 1.17134985326725e-05
122000; 156.48505029345594; 4579.543842926922; 3.2778969521563204e-12; 2.693423954113657e-07; 1.167257294935714e-05
123000; 155.70457784908317; 4556.7032727222995; 2.3029952085199294e-12; 1.8923543208873702e-07; 1.1631790355206377e-05
124000; 154.92799802726626; 4533.976620336824; 1.613409476898673e-12; 1.3257267681994025e-07; 1.1591150250632922e-05
125000; 154.1552914134692; 4511.3633176030025; 1.1270452757523297e-12; 9.26084860930427e-08; 1.155065213779499e-05
126000; 153.3864386899864; 4488.862799187088; 7.850089639130395e-13; 6.450361248258335e-08; 1.1510295520590187e-05
127000; 152.62142063545974; 4466.474502574949; 5.451745961609441e-13; 4.479659787682367e-08; 1.147007990464945e-05
128000; 151.860218124398; 4444.197868058001; 3.774987680653595e-13; 3.101879770463102e-08; 1.1430004797330982e-05
129000; 151.10281212669875; 4422.032338719226; 2.606186770696516e-13; 2.1414846102682956e-08; 1.1390069707714215e-05
130000; 150.3491837071726; 4399.9773604192305; 1.7938936029460923e-13; 1.4740292546804373e-08; 1.1350274146593803e-05
131000; 149.59931402506987; 4378.032381782414; 1.2310621996402872e-13; 1.0115548066066452e-08; 1.1310617626473623e-05
132000; 148.8531843336094; 4356.196854183163; 8.422605232775666e-14; 6.920793124712955e-09; 1.1271099661560813e-05
133000; 148.11077597950998; 4334.470231732152; 5.744959037931552e-14; 4.720590828209986e-09; 1.12317197677598e-05
134000; 147.37207040252423; 4312.85197126269; 3.9065403734669744e-14; 3.2099756560944736e-09; 1.11924774626664e-05
135000; 146.63704913497418; 4291.341532317137; 2.6482158328843053e-14; 2.176019583306742e-09; 1.115337226556188e-05
136000; 145.90569380128983; 4269.938377133399; 1.7896201052200552e-14; 1.470517752851319e-09; 1.111440369740709e-05
137000; 145.17798611754975; 4248.64197063148; 1.2056060162442544e-14; 9.906376468728467e-10; 1.1075571280836581e-05
138000; 144.45390789102402; 4227.451780400113; 8.0961334820977e-15; 6.652533674689975e-10; 1.1036874540152765e-05
139000; 143.73344101971918; 4206.367276683436; 5.419611591825502e-15; 4.4532552110316363e-10; 1.0998313001320084e-05
140000; 143.01656749192597; 4185.3879323677575; 3.61632462627052e-15; 2.971507498989745e-10; 1.0959886191959206e-05
141000; 142.30326938576883; 4164.513222968376; 2.405281048738783e-15; 1.9764018477722126e-10; 1.0921593641341233e-05
142000; 141.59352886875797; 4143.742626616472; 1.5946074771278669e-15; 1.3102773024879758e-10; 1.0883434880381943e-05
143000; 140.8873281973435; 4123.075624046052; 1.0537112547347517e-15; 8.658268321567392e-11; 1.084540944163604e-05
144000; 140.18464971647185; 4102.511698580979; 6.940001199483712e-16; 5.7025482329364927e-11; 1.0807516859291421e-05
145000; 139.4854758591444; 4082.0503361220417; 4.555727746490168e-16; 3.743408172958232e-11; 1.0769756669163478e-05
146000; 138.7897891459783; 4061.6910251341146; 2.9806185034610416e-16; 2.449152426837339e-11; 1.073212840868941e-05
147000; 138.0975721847695; 4041.433256633363; 1.9435490188651609e-16; 1.5970000155013648e-11; 1.0694631616922553e-05
148000; 137.4088076700579; 4021.2765241745183; 1.2630341005408275e-16; 1.0378258837640324e-11; 1.0657265834526748e-05
149000; 136.7234783826948; 4001.2203238382203; 8.180033080553301e-17; 6.7214733611777316e-12; 1.0620030603770684e-05
150000; 136.04156718941223; 3981.2641542184138; 5.279652271453401e-17; 4.338251661013476e-12; 1.0582925468522322e-05
151000; 135.36305704239496; 3961.407516409822; 3.395906011193382e-17; 2.790391134916501e-12; 1.0545949974243292e-05
152000; 134.68793097885387; 3941.6499139954635; 2.176686211216806e-17; 1.78856714150929e-12; 1.0509103667983325e-05
153000; 134.01617212060228; 3921.990853034249; 1.390322300485944e-17; 1.1424176667920657e-12; 1.0472386098374711e-05
154000; 133.3477636736337; 3902.429842048631; 8.849205078987316e-18; 7.271327098592698e-13; 1.043579681562676e-05
155000; 132.68268892770215; 3882.966392012315; 5.6124396437290004e-18; 4.61170061111668e-13; 1.0399335371520302e-05
156000; 132.0209312559044; 3863.60001633804; 3.546886062243948e-18; 2.9144503387378373e-13; 1.0363001319402192e-05
157000; 131.3624741142641; 3844.3302308654; 2.2334710791852976e-18; 1.8352268522475738e-13; 1.0326794214179836e-05
158000; 130.7073010413185; 3825.1565538487584; 1.40132965961722e-18; 1.1514623332927032e-13; 1.0290713612315742e-05
159000; 130.05539565770655; 3806.0785059451896; 8.76024911939539e-19; 7.198232637136721e-14; 1.0254759071822085e-05
160000; 129.4067416657598; 3787.0956102025034; 5.456296585512508e-19; 4.483399002064509e-14; 1.0218930152255297e-05
161000; 128.76132284909465; 3768.2073920473176; 3.3858989398142724e-19; 2.7821683975466493e-14; 1.0183226414710665e-05
162000; 128.11912307220703; 3749.4133792731927; 2.0933102251405894e-19; 1.720057703484461e-14; 1.0147647421816957e-05
163000; 127.48012628006913; 3730.7131020288334; 1.2893350271096984e-19; 1.0594371627852903e-14; 1.0112192737731065e-05
164000; 126.8443164977278; 3712.106092806332; 7.911511848325099e-20; 6.500831428369021e-15; 1.0076861928132664e-05
165000; 126.2116778299054; 3693.591886429489; 4.836192306743153e-20; 3.973863851062574e-15; 1.0041654560218896e-05
166000; 125.58219446060225; 3675.170020042182; 2.945010245625291e-20; 2.4198933817792033e-15; 1.0006570202699063e-05
167000; 124.9558506527014; 3656.8400330967916; 1.7864791344575948e-20; 1.4679368401459283e-15; 9.97160842578935e-06
168000; 124.33263074757497; 3638.6014673426894; 1.0795074046727703e-20; 8.8702333991189e-16; 9.936768801207549e-06
169000; 123.71251916469289; 3620.453866814781; 6.4976815104281765e-21; 5.339097379152158e-16; 9.902050902167824e-06
170000; 123.0955004012333; 3602.3967778221086; 3.895694007421528e-21; 3.201063276435109e-16; 9.867454303375476e-06
171000; 122.48155903169496; 3584.4297489365063; 2.3264477854949257e-21; 1.9116251318775066e-16; 9.83297858102174e-06
172000; 121.87067970751166; 3566.5523309813166; 1.3837964025136205e-21; 1.137055384152523e-16; 9.798623312778585e-06
173000; 121.2628471566685; 3548.76407702016; 8.198035337072278e-22; 6.736265683707705e-17; 9.764388077793545e-06
174000; 120.65804618332004; 3531.064542345761; 4.837202717901219e-22; 3.974694098521954e-17; 9.730272456684565e-06
175000; 120.05626166741044; 3513.45328446883; 2.8425874986912125e-22; 2.3357333596476684e-17; 9.696276031534857e-06
176000; 119.45747856429544; 3495.929863107003; 1.6636291041162756e-22; 1.3669918686247129e-17; 9.662398385887791e-06
177000; 118.8616819043663; 3478.493840173833; 9.69639455447267e-23; 7.967456495047387e-18; 9.628639104741781e-06
178000; 118.2688567926755; 3461.1447797678397; 5.628116286849219e-23; 4.624581994124255e-18; 9.594997774545213e-06
179000; 117.67898840856435; 3443.882248161608; 3.253139556717097e-23; 2.673080983333687e-18; 9.561473983191372e-06
180000; 117.09206200529255; 3426.7058137909507; 1.8724789104638756e-23; 1.5386022271683448e-18; 9.52806732001339e-06
181000; 116.50806290966942; 3409.615047244112; 1.0732316341318939e-23; 8.818665851535693e-19; 9.494777375779231e-06
182000; 115.92697652168715; 3392.6095212510377; 6.125194578909025e-24; 5.033027591543981e-19; 9.46160374268666e-06
183000; 115.34878831415583; 3375.6888106726947; 3.480837375917828e-24; 2.860178616201995e-19; 9.428546014358256e-06
184000; 114.77348383234009; 3358.852492490435; 1.9695746462111883e-24; 1.6183850831644932e-19; 9.395603785836433e-06
185000; 114.20104869359794; 3342.1001457954276; 1.1096177422533852e-24; 9.11764784103028e-20; 9.36277665357848e-06
186000; 113.63146858702113; 3325.431351778134; 6.224061339919504e-25; 5.1142656860472504e-20; 9.330064215451618e-06
187000; 113.06472927307729; 3308.8456937178335; 3.4758503454362533e-25; 2.8560808097257627e-20; 9.29746607072807e-06
188000; 112.50081658325409; 3292.342756972213; 1.9325117206049064e-25; 1.5879307482373923e-20; 9.264981820080156e-06
189000; 111.93971641970488; 3275.922128966992; 1.069655954332654e-25; 8.789284752117124e-21; 9.232611065575397e-06
190000; 111.38141475489635; 3259.583399185617; 5.894052023224556e-26; 4.843099443898567e-21; 9.200353410671647e-06
191000; 110.82589763125783; 3243.3261591589917; 3.233095817932485e-26; 2.6566111897555338e-21; 9.16820846021223e-06
192000; 110.27315116083227; 3227.1500024552683; 1.765406607448739e-26; 1.4506216988075093e-21; 9.1361758204211e-06
193000; 109.72316152492913; 3211.054524669687; 9.595756063534438e-27; 7.884762583019258e-22; 9.104255098898022e-06
194000; 109.17591497377886; 3195.0393234144653; 5.191687761543786e-27; 4.265971866510917e-22; 9.072445904613757e-06
195000; 108.6313978261892; 3179.1039983087376; 2.795885600430863e-27; 2.297358751381153e-22; 9.040747847905274e-06
196000; 108.08959646920307; 3163.248150968546; 1.498642906145093e-27; 1.231423916306568e-22; 9.009160540470986e-06
197000; 107.55049735775835; 3147.471384996881; 7.99523515881046e-28; 6.569626260320837e-23; 8.97768359536598e-06
198000; 107.01408701434917; 3131.773305973772; 4.245266245559558e-28; 3.488304228068659e-23; 8.946316626997284e-06
199000; 106.48035202868898; 3116.153521446425; 2.243393435765921e-28; 1.8433799800870342e-23; 8.915059251119145e-06
200000; 105.94927905737539; 3100.611640919415; 1.1798285532405535e-28; 9.694564940349657e-24; 8.883911084828317e-06
201000; 105.42085482355643; 3085.1472758449186; 6.174920098619937e-29; 5.073886687444484e-24; 8.852871746559373e-06
202000; 104.89506611659871; 3069.7600396130024; 3.216093853071514e-29; 2.6426407995657467e-24; 8.82194085608003e-06
203000; 104.37189979175723; 3054.4495475419603; 1.666851378702448e-29; 1.3696395880874675e-24; 8.791118034486498e-06
204000; 103.85134276984655; 3039.2154168686925; 8.596498839700758e-30; 7.063680229828067e-25; 8.76040290419882e-06
205000; 103.33338203691409; 3024.0572667391402; 4.411523412532936e-30; 3.6249165263212292e-25; 8.729795088956271e-06
206000; 102.81800464391445; 3008.9747181987573; 2.2525965316357588e-30; 1.8509420966604427e-25; 8.699294213812729e-06
207000; 102.30519770638605; 2993.967394183049; 1.1444361839577418e-30; 9.403748430219736e-26; 8.668899905132094e-06
208000; 101.79494840412869; 2979.0349195081294; 5.784935349450306e-31; 4.753439071035584e-26; 8.638611790583701e-06
209000; 101.28724398088328; 2964.1769208613573; 2.9093067889164534e-31; 2.3905561125032482e-26; 8.608429499137772e-06
210000; 100.78207174401275; 2949.39302679199; 1.4556261271887347e-31; 1.196077343622625e-26; 8.578352661060856e-06
211000; 100.2794190641849; 2934.6828677019075; 7.24543746709789e-32; 5.953522980359811e-27; 8.548380907911314e-06
212000; 99.77927337505655; 2920.046075836365; 3.5877227619896027e-32; 2.9480055562774053e-27; 8.518513872534792e-06
213000; 99.28162217295943; 2905.4822852748057; 1.7672483437951017e-32; 1.4521350400945783e-27; 8.488751189059736e-06
214000; 98.78645301658753; 2890.9911319217044; 8.659355939752399e-33; 7.115329449262447e-28; 8.459092492892897e-06
215000; 98.29375352668619; 2876.572253497474; 4.220536522496247e-33; 3.467983995477606e-28; 8.429537420714879e-06
216000; 97.80351138574248; 2862.2252895294023; 2.0461075795020003e-33; 1.6812716347592441e-28; 8.40008561047568e-06
217000; 97.31571433767735; 2847.949881342643; 9.866260246578255e-34; 8.107033892011712e-29; 8.370736701390253e-06
218000; 96.83035018753921; 2833.745672051249; 4.731778926810477e-34; 3.8880681403537195e-29; 8.341490333934095e-06
219000; 96.347406801199; 2819.612306549247; 2.2569839926673445e-34; 1.8545472413043093e-29; 8.312346149838842e-06
220000; 95.86687210504691; 2805.5494315017636; 1.0706535139504065e-34; 8.797481626544012e-30; 8.28330379208787e-06
221000; 95.38873408569054; 2791.556695336191; 5.050914669156427e-35; 4.150299645978987e-30; 8.254362904911938e-06
222000; 94.91298078965445; 2777.633748233394; 2.3696042334436348e-35; 1.9470864695510554e-30; 8.225523133784811e-06
223000; 94.43960032308152; 2763.7802421189726; 1.1054784672181606e-35; 9.08363572077371e-31; 8.196784125418937e-06
224000; 93.96858085143536; 2749.99583065455; 5.128346111255192e-36; 4.21392449569038e-31; 8.1681455277611e-06
225000; 93.49991059920472; 2736.2801692291237; 2.3655967884501596e-36; 1.9437935813066225e-31; 8.139606989988125e-06
226000; 93.03357784960886; 2722.632914950443; 1.0849860454614563e-36; 8.915250989822977e-32; 8.111168162502565e-06
227000; 92.56957094430471; 2709.0537266364395; 4.947789346654447e-37; 4.0655623226412876e-32; 8.082828696928424e-06
228000; 92.10787828309554; 2695.542264806699; 2.2432896197851893e-37; 1.8432946752548802e-32; 8.0545882461069e-06
229000; 91.64848832364069; 2682.0981916739706; 1.0111834792975422e-37; 8.308820700883666e-33; 8.026446464092114e-06
230000; 91.19138958116734; 2668.721171135728; 4.531357530182545e-38; 3.7233833444392314e-33; 7.998403006146889e-06
231000; 90.73657062818305; 2655.410868765759; 2.0186620036727527e-38; 1.658719805811629e-33; 7.970457528738506e-06
232000; 90.28402009419034; 2642.166951805813; 8.939616019659803e-39; 7.3456171073622035e-34; 7.942609689534527e-06
233000; 89.83372666540225; 2628.989089157273; 3.935292861823877e-39; 3.2336013655085265e-34; 7.914859147398565e-06
234000; 89.3856790844597; 2615.876951372891; 1.72195199133456e-39; 1.414915358532917e-34; 7.887205562386138e-06
235000; 88.93986615014973; 2602.830210648536; 7.489167678447722e-40; 6.15379431261111e-35; 7.85964859574048e-06
236000; 88.4962767171258; 2589.848540815011; 3.2374065578534282e-40; 2.660153293223852e-35; 7.832187909888408e-06
237000; 88.05489969562899; 2576.931617329895; 1.3908959187354743e-40; 1.1428890047127973e-35; 7.804823168436174e-06
238000; 87.61572405121078; 2564.0791172694276; 5.938929203360445e-41; 4.879974694626495e-36; 7.777554036165357e-06
239000; 87.17873880445714; 2551.290719320437; 2.520113500356783e-41; 2.0707588334895505e-36; 7.750380179028738e-06
240000; 86.74393303071422; 2538.5661037723103; 1.0627049258536863e-41; 8.73216865943867e-37; 7.723301264146237e-06
241000; 86.31129585981495; 2525.9049525089945; 4.4531571203248344e-42; 3.6591266395438243e-37; 7.6963169598008e-06
242000; 85.88081647580756; 2513.3069490010485; 1.854249013803783e-42; 1.5236228543991643e-37; 7.669426935434367e-06
243000; 85.45248411668504; 2500.7717782977297; 7.671754153336935e-43; 6.303824283760834e-38; 7.6426308616438e-06
244000; 85.0262880741161; 2488.2991270191173; 3.1537672313218027e-43; 2.59142747027264e-38; 7.615928410176861e-06
245000; 84.60221769317745; 2475.888683348279; 1.288114822984603e-43; 1.0584345299791314e-38; 7.589319253928185e-06
246000; 84.18026237208751; 2463.5401370234767; 5.226982319934989e-44; 4.2949731470295715e-39; 7.562803066935276e-06
247000; 83.76041156194127; 2451.25317933041; 2.107174058081935e-44; 1.7314495136252548e-39; 7.536379524374512e-06
248000; 83.3426547664466; 2439.0275030944963; 8.438864566966825e-45; 6.934153300712263e-40; 7.510048302557165e-06
249000; 82.92698154166185; 2426.8628026731926; 3.357244980692538e-45; 2.7586236488845836e-40; 7.483809078925438e-06
250000; 82.51338149573475; 2414.7587739483542; 1.3267177099515976e-45; 1.0901542398944925e-40; 7.457661532048516e-06
251000; 82.10184428864265; 2402.7151143186343; 5.2077658162443135e-46; 4.279183086478483e-41; 7.431605341618622e-06
252000; 81.69235963193387; 2390.7315226919127; 2.0304047713140523e-46; 1.6683687521068628e-41; 7.405640188447094e-06
253000; 81.28491728847074; 2378.807699477777; 7.862357291301596e-47; 6.460441488333275e-42; 7.379765754460486e-06
254000; 80.87950707217338; 2366.943346580024; 3.0237263968433643e-47; 2.484573867578771e-42; 7.353981722696655e-06
255000; 80.47611884776533; 2355.1381673892147; 1.1548677281370898e-47; 9.48946366587584e-43; 7.32828777730089e-06
256000; 80.07474253051991; 2343.3918667752523; 4.38028522605321e-48; 3.599248336937724e-43; 7.302683603522037e-06
257000; 79.67536808600835; 2331.704151080012; 1.6498070624761536e-48; 1.3556343980905122e-43; 7.277168887708651e-06
258000; 79.27798552984868; 2320.0747281099907; 6.170276937133224e-49; 5.070071435606592e-44; 7.251743317305141e-06
259000; 78.88258492745632; 2308.5033071290104; 2.291378697913897e-49; 1.8828091190746896e-44; 7.226406580847953e-06
260000; 78.48915639379562; 2296.9895988509425; 8.448695619635678e-50; 6.942231404795133e-45; 7.2011583679617475e-06
261000; 78.09769009313277; 2285.5333154324817; 3.0928778787972034e-50; 2.541395134590964e-45; 7.175998369355604e-06
262000; 77.70817623878982; 2274.134170465944; 1.1240763437146741e-50; 9.23645311187078e-46; 7.150926276819219e-06
263000; 77.32060509290015; 2262.7918789721134; 4.055722736505648e-51; 3.3325577128230464e-46; 7.1259417832191514e-06
264000; 76.93496696616491; 2251.5061573931102; 1.452644952949356e-51; 1.1936277345516484e-46; 7.101044582495039e-06
265000; 76.55125221761088; 2240.2767235853084; 5.1647428867257634e-52; 4.243831459922566e-47; 7.076234369655862e-06
266000; 76.1694512543493; 2229.1032968122768; 1.8226993590253848e-52; 1.4976987337924277e-47; 7.051510840776203e-06
267000; 75.78955453133626; 2217.985597737765; 6.384655341547118e-53; 5.246224602750302e-48; 7.026873692992524e-06
268000; 75.41155255113388; 2206.9233484187166; 2.2197026590330643e-53; 1.823913442097834e-48; 7.002322624499457e-06
269000; 75.03543586367299; 2195.9162722983237; 7.658889218696206e-54; 6.2932532610486484e-49; 6.977857334546106e-06
270000; 74.66119506601676; 2184.9640941991083; 2.622581522875232e-54; 2.1549560582376597e-49; 6.9534775234323615e-06
271000; 74.2888208021258; 2174.0665403160483; 8.911747662996945e-55; 7.322717882495435e-50; 6.9291828925052355e-06
272000; 73.91830376262409; 2163.2233382097284; 3.005008859973369e-55; 2.469193804415258e-50; 6.9049731441551925e-06
273000; 73.54963468456639; 2152.434216799533; 1.0054391890535718e-55; 8.261620288032636e-51; 6.880847981812514e-06
274000; 73.18280435120647; 2141.6989063568617; 3.3378828189934467e-56; 2.7427139022131855e-51; 6.856807109943659e-06
275000; 72.817803591767; 2131.0171384983983; 1.099434859722815e-56; 9.033975839957395e-52; 6.832850234047647e-06
276000; 72.45462328120989; 2120.388646179387; 3.592765216396751e-57; 2.9521489041879628e-52; 6.808977060652449e-06
277000; 72.09325434000849; 2109.8131636869666; 1.1647339388210363e-57; 9.570533597543437e-53; 6.7851872973113895e-06
278000; 71.73368773392045; 2099.2904266335254; 3.7457663627018296e-58; 3.0778688271995307e-53; 6.761480652599574e-06
279000; 71.37591447376188; 2088.8201719500876; 1.1949454141370984e-58; 9.818779080830718e-54; 6.737856836110305e-06
280000; 71.01992561518267; 2078.402137879742; 3.7811691028665932e-59; 3.1069589998903803e-54; 6.714315558451538e-06
281000; 70.6657122584428; 2068.036063971093; 1.1867298633219363e-59; 9.751272500591096e-55; 6.690856531242326e-06
282000; 70.31326554818989; 2057.721691071754; 3.694046205466719e-60; 3.0353707522323077e-55; 6.667479467109293e-06
283000; 69.96257667323783; 2047.4587613218641; 1.1403922545223105e-60; 9.37051975778398e-56; 6.6441840796831086e-06
284000; 69.61363686634651; 2037.2470181476467; 3.4912772429903746e-61; 2.8687569786280806e-56; 6.620970083594989e-06
285000; 69.26643740400255; 2027.0862062549895; 1.0599102088114939e-61; 8.709204673882447e-57; 6.59783719447319e-06
286000; 68.92096960620131; 2016.976071623066; 3.1906917049358124e-62; 2.621768040210199e-57; 6.5747851289395285e-06
287000; 68.57722483622986; 2006.9163614979839; 9.52374739981576e-63; 7.825593590645653e-58; 6.551813604605916e-06
288000; 68.23519450045107; 1996.9068243864667; 2.8184752759822444e-63; 2.315920522581959e-58; 6.528922340070894e-06
289000; 67.89487004808869; 1986.947210049564; 8.269511600173924e-64; 6.794997206387776e-59; 6.50611105491618e-06
290000; 67.55624297101373; 1977.0372694964005; 2.4053625608386482e-64; 1.9764688256685686e-59; 6.483379469703253e-06
291000; 67.21930480353159; 1967.1767549779445; 6.935725947842383e-65; 5.699035289928005e-60; 6.460727305969904e-06
292000; 66.88404712217056; 1957.3654199808207; 1.9823917427727533e-65; 1.628916797676872e-60; 6.4381542862268465e-06
293000; 66.55046154547111; 1947.603019221142; 5.616277394203608e-66; 4.6148540626159474e-61; 6.415660133954305e-06
294000; 66.21853973377648; 1937.8893086383819; 1.5770458461316223e-66; 1.2958470387277092e-61; 6.3932445735986345e-06
295000; 65.88827338902406; 1928.224045389269; 4.388860926539326e-67; 3.606294927312511e-62; 6.370907330568938e-06
296000; 65.55965425453807; 1918.60698784172; 1.2104474232677136e-67; 9.946157956184991e-63; 6.3486481312337115e-06
297000; 65.232674114823; 1909.037895568794; 3.3082732783705954e-68; 2.718383959219881e-63; 6.3264667029174816e-06
298000; 64.90732479535836; 1899.5165293426871; 8.959684759814288e-69; 7.362107444383145e-64; 6.30436277389748e-06
299000; 64.58359816239417; 1890.042651128746; 2.404331807647271e-69; 1.975621863309179e-64; 6.282336073400293e-06
300000; 64.2614861227478; 1880.616024079524; 6.392645934191014e-70; 5.2527904142900686e-65; 6.26038633159857e-06
301000; 63.94098062360145; 1871.2364125288525; 1.6839359801086682e-70; 1.3836778801221595e-65; 6.238513279607695e-06
302000; 63.62207365230093; 1861.9035819859544; 4.39443574425763e-71; 3.610875714262637e-66; 6.21671664948251e-06
303000; 63.30475723615538; 1852.61729912958; 1.136022827344242e-71; 9.334616494200838e-67; 6.194996174214021e-06
304000; 62.98902344223785; 1843.3773318021742; 2.909048859359969e-72; 2.3903441736729407e-67; 6.173351587726136e-06
305000; 62.67486437718708; 1834.1834490040733; 7.378506244862407e-73; 6.062864621908304e-68; 6.151782624872401e-06
306000; 62.362272187010035; 1825.0354208877277; 1.8535856349511316e-73; 1.5230777608472731e-68; 6.1302890214327486e-06
307000; 62.05123905688572; 1815.9330187519586; 4.611654528758528e-74; 3.789362800951954e-69; 6.108870514110271e-06
308000; 61.74175721096965; 1806.8760150362377; 1.1362496148876002e-74; 9.336479990859491e-70; 6.087526840527983e-06
309000; 61.43381891219959; 1797.8641833150014; 2.772275632138883e-75; 2.2779586130968634e-70; 6.066257739225617e-06
310000; 61.127416462102005; 1788.8972982919863; 6.697571790516911e-76; 5.503345760490477e-71; 6.045062949656417e-06
311000; 60.8225422005997; 1779.9751357946006; 1.602098180653408e-76; 1.316432358794912e-71; 6.023942212183945e-06
312000; 60.519188505820246; 1771.097472768317; 3.794232652102748e-77; 3.117693222763145e-72; 6.002895268078903e-06
313000; 60.21734779390549; 1762.2640872710972; 8.89598409851018e-78; 7.309765076836629e-73; 5.9819218595159625e-06
314000; 59.91701251882189; 1753.474758467844; 2.064767758347918e-78; 1.6966045672538355e-73; 5.961021729570605e-06
315000; 59.61817517217196; 1744.7292666248793; 4.7438110489567716e-79; 3.897954847129639e-74; 5.9401946222159795e-06
316000; 59.320828283006435; 1736.0273931044514; 1.0787830924953855e-79; 8.86428177892675e-75; 5.919440282319759e-06
317000; 59.024964417637634; 1727.3689203592699; 2.4280794866956845e-80; 1.995135157514942e-75; 5.898758455641023e-06
318000; 58.73057617945347; 1718.7536319270637; 5.408601157578764e-81; 4.4442080177311124e-76; 5.878148888827131e-06
319000; 58.4376562087327; 1710.1813124251748; 1.192261156139475e-81; 9.796722729165777e-77; 5.857611329410637e-06
320000; 58.14619718246076; 1701.6517475451685; 2.600717204386713e-82; 2.136990307630824e-77; 5.837145525806177e-06
321000; 57.85619181414684; 1693.1647240474783; 5.613334244298183e-83; 4.612435697862105e-78; 5.816751227307404e-06
322000; 57.56763285364161; 1684.7200297560748; 1.1987407580086878e-83; 9.849965143867608e-79; 5.796428184083904e-06
323000; 57.28051308695606; 1676.317453553162; 2.5326584062029408e-84; 2.0810668908816274e-79; 5.776176147178146e-06
324000; 56.99482533608103; 1667.9567853738956; 5.293527102766289e-85; 4.349652508435734e-80; 5.755994868502423e-06
325000; 56.710562458807885; 1659.6378162011365; 1.094462431831839e-85; 8.993117763614124e-81; 5.735884100835819e-06
326000; 56.427717348549905; 1651.3603380602226; 2.2382758354852444e-86; 1.8391748853617456e-81; 5.715843597821179e-06
327000; 56.14628293416457; 1643.1241440137678; 4.527443445700595e-87; 3.720167169844367e-82; 5.69587311396209e-06
328000; 55.86625217977688; 1634.9290281564931; 9.057088439737757e-88; 7.442143335856824e-83; 5.675972404619875e-06
329000; 55.58761808460338; 1626.774785610075; 1.7918003172756052e-88; 1.472309217153332e-83; 5.656141226010595e-06
330000; 55.3103736827772; 1618.6612125180252; 3.505299479708604e-89; 2.8802789479939225e-84; 5.6363793352020665e-06
331000; 55.03451204317382; 1610.5881060405932; 6.780536689147567e-90; 5.571517410967597e-85; 5.6166864901108765e-06
332000; 54.76002626923792; 1602.5552643496972; 1.296806412332596e-90; 1.0655763453842202e-85; 5.597062449499429e-06
333000; 54.486909498810824; 1594.5624866238766; 2.452036267716421e-91; 2.0148202692821865e-86; 5.577506972972981e-06
334000; 54.215154903959075; 1586.6095730432717; 4.583398549644307e-92; 3.7661450695516077e-87; 5.5580198209767e-06
335000; 53.944755690803625; 1578.696324784629; 8.468870444689233e-93; 6.958808911001833e-88; 5.538600754792728e-06
336000; 53.67570509935008; 1570.82254401633; 1.5467083615010259e-93; 1.2709189494667425e-88; 5.519249536537266e-06
337000; 53.407996403319615; 1562.9880338934447; 2.7919279451013333e-94; 2.2941067749394686e-89; 5.499965929157644e-06
338000; 53.14162290998092; 1555.1925985528128; 4.980585044235267e-95; 4.0925103075063815e-90; 5.4807496964294344e-06
339000; 52.876577959982754; 1547.4360431081438; 8.78019685607296e-96; 7.214623546485587e-91; 5.461600602953542e-06
340000; 52.612854927187584; 1539.7181736451487; 1.5294773234769474e-96; 1.256760331534057e-91; 5.442518414153336e-06
341000; 52.35044721850584; 1532.0387972166882; 2.63247154808639e-97; 2.163082619627272e-92; 5.423502896271762e-06
342000; 52.08934827373116; 1524.3977218379518; 4.47644178542994e-98; 3.6782594785784223e-93; 5.404553816368491e-06
343000; 51.829551565376306; 1516.7947564816575; 7.519991718523047e-99; 6.179122200922799e-94; 5.385670942317054e-06
344000; 51.571050598510055; 1509.229711073275; 1.2479101050470387e-99; 1.025398607269547e-94; 5.366854042802011e-06
345000; 51.313838910594754; 1501.7023964862751; 2.0454878559953825e-100; 1.6807624124859348e-95; 5.348102887316105e-06
346000; 51.05791007132481; 1494.2126245374009; 3.311495090664353e-101; 2.721031298820339e-96; 5.329417246157448e-06
347000; 50.80325768246592; 1486.7602079819635; 5.2945696525082275e-102; 4.3505091639344516e-97; 5.3107968904267e-06
348000; 50.5498753776951; 1479.3449605091616; 8.359534279914615e-103; 6.868968183989001e-98; 5.292241592024275e-06
349000; 50.29775682244153; 1471.9666967374217; 1.3032978633051595e-103; 1.0709103231759732e-98; 5.273751123647531e-06
350000; 50.0468957137282; 1464.625232209765; 2.0062293184717888e-104; 1.648503959303031e-99; 5.2553252587880035e-06
351000; 49.79728578001433; 1457.3203833891966; 3.0490015545613687e-105; 2.5053422798367857e-100; 5.2369637717286135e-06
352000; 49.548920781038554; 1450.0519676541146; 4.574457355930305e-106; 3.758798156064342e-101; 5.218666437540916e-06
353000; 49.301794507663; 1442.819803293748; 6.774712226795829e-107; 5.566731492847846e-102; 5.20043303208234e-06
354000; 49.055900781717924; 1435.6237095036104; 9.90320349631916e-108; 8.137389890155431e-103; 5.182263331993439e-06
355000; 48.81123345584739; 1428.4635063809824; 1.4287563406336526e-108; 1.1739986365108073e-103; 5.1641571146951605e-06
356000; 48.56778641335551; 1421.3390149204135; 2.0342394418488325e-109; 1.6715196728420973e-104; 5.146114158386115e-06
357000; 48.32555356805354; 1414.2500570092454; 2.858057745607979e-110; 2.3484451484042552e-105; 5.128134242039864e-06
358000; 48.084528864107725; 1407.1964554231615; 3.962126455681922e-111; 3.255650333345868e-106; 5.110217145402206e-06
359000; 47.84470627588792; 1400.178033821755; 5.4192255110458e-112; 4.452937971278389e-107; 5.092362648988484e-06
360000; 47.606079807816926; 1393.1946167441195; 7.312411172306729e-113; 6.00855478414686e-108; 5.074570534080892e-06
361000; 47.36864349422062; 1386.2460296044655; 9.733323933575246e-114; 7.997801095789028e-109; 5.056840582725803e-06
362000; 47.13239139917877; 1379.3320986877513; 1.2779134018524114e-114; 1.0500520968384644e-109; 5.039172577731088e-06
363000; 46.89731761637673; 1372.4526511453453; 1.6547927063486744e-115; 1.3597310652002253e-110; 5.021566302663466e-06
364000; 46.66341626895766; 1365.6075149906994; 2.1132443708860476e-116; 1.7364374452638023e-111; 5.004021541845848e-06
365000; 46.43068150937572; 1358.7965190950542; 2.6612249509860314e-117; 2.186709080514405e-112; 4.986538080354694e-06
366000; 46.19910751924976; 1352.0194931831563; 3.304461967332892e-118; 2.7152522328125654e-113; 4.969115704017381e-06
367000; 45.96868850921799; 1345.2762678290064; 4.0454660753104937e-119; 3.324129889326617e-114; 4.951754199409583e-06
368000; 45.73941871879316; 1338.5666744516184; 4.8825432571728355e-120; 4.0119500880631345e-115; 4.93445335385265e-06
369000; 45.511292416218566; 1331.890545310809; 5.8089043552376685e-121; 4.7731342278041643e-116; 4.917212955411009e-06
370000; 45.28430389832475; 1325.2477135030015; 6.811983151998404e-122; 5.597356739522107e-117; 4.900032792889562e-06
371000; 45.05844749038697; 1318.6380129570555; 7.873077066192041e-123; 6.469249848966344e-118; 4.882912655831104e-06
372000; 44.83371754598323; 1312.0612784301118; 8.967413234651509e-124; 7.368457875638051e-119; 4.865852334513741e-06
373000; 44.61010844685324; 1305.5173455034662; 1.0064715692195735e-124; 8.270103280358039e-120; 4.848851619948326e-06
374000; 44.38761460275785; 1299.0060505784531; 1.1130307139033786e-125; 9.145691979485444e-121; 4.83191030387589e-06
375000; 44.1662304513394; 1292.5272308723618; 1.2126724553243843e-126; 9.964440881876617e-122; 4.8150281787651e-06
376000; 43.94595045798256; 1286.0807244143612; 1.3015767341515842e-127; 1.0694960839372096e-122; 4.798205037809714e-06
377000; 43.72676911567602; 1279.6663700414542; 1.3760837489397266e-128; 1.1307179531139905e-123; 4.781440674926044e-06
378000; 43.50868094487481; 1273.2840073944478; 1.4329381915959129e-129; 1.177434832864349e-124; 4.764734884750433e-06
379000; 43.291680493363295; 1266.933476913943; 1.469521622181116e-130; 1.207495170239208e-125; 4.748087462636745e-06
380000; 43.075762336118906; 1260.6146198363476; 1.4840502645646545e-131; 1.2194332494368565e-126; 4.731498204653852e-06
381000; 42.860921075176435; 1254.3272781899047; 1.475717653008119e-132; 1.2125864034577802e-127; 4.714966907583132e-06
382000; 42.6471513394932; 1248.0712947907466; 1.4447664102191943e-133; 1.187153993606569e-128; 4.698493368915993e-06
383000; 42.434447784814644; 1241.8465132389617; 1.3924804801579042e-134; 1.1441910272456073e-129; 4.682077386851378e-06
384000; 42.22280509354084; 1235.6527779146875; 1.3210974965653942e-135; 1.0855361516560345e-130; 4.665718760293303e-06
385000; 42.01221797459349; 1229.489933974218; 1.233649525161543e-136; 1.0136807930661816e-131; 4.6494172888483864e-06
386000; 41.802681163283644; 1223.3578273461342; 1.133747999397896e-137; 9.315924399325357e-133; 4.6331727728234014e-06
387000; 41.59418942118009; 1217.25630472745; 1.0253342393955841e-138; 8.425096461755004e-134; 4.616985013222821e-06
388000; 41.386737535978455; 1211.1852135797837; 9.124197752836875e-140; 7.497286567655607e-135; 4.600853811746392e-06
389000; 41.18032032137075; 1205.1444021255386; 7.988404922524826e-141; 6.5640139051148945e-136; 4.584778970786687e-06
390000; 40.974932616915915; 1199.1337193441152; 6.880455447629902e-142; 5.653619924100166e-137; 4.568760293426711e-06
391000; 40.7705692879106; 1193.1530149681298; 5.82936640792474e-143; 4.7899477468568114e-138; 4.552797583437461e-06
392000; 40.56722522526096; 1187.2021394796627; 4.857665628632943e-144; 3.991508322623617e-139; 4.536890645275543e-06
393000; 40.36489534535483; 1181.280944106516; 3.980986934324254e-145; 3.2711478507183676e-140; 4.521039284080764e-06
394000; 40.16357458993467; 1175.3892808184967; 3.2082282671577436e-146; 2.636177705141942e-141; 4.5052433056737515e-06
395000; 39.963257925971114; 1169.5270023237163; 2.542174581631807e-147; 2.088886262639118e-142; 4.4895025165535735e-06
396000; 39.76394034553714; 1163.693962064907; 1.9804552698201767e-148; 1.6273256120132922e-143; 4.473816723895364e-06
397000; 39.56561686568283; 1157.8900142157584; 1.5166938788495947e-149; 1.2462562685699214e-144; 4.458185735547969e-06
398000; 39.36828252831088; 1152.1150136772717; 1.1417143417408899e-150; 9.38138325177395e-146; 4.442609360031585e-06
399000; 39.171932400052555; 1146.3688160741328; 8.446887715189864e-152; 6.940745862933331e-147; 4.427087406535416e-06
400000; 38.97656157214446; 1140.6512777511034; 6.141416639070006e-153; 5.046357139745279e-148; 4.41161968491534e-06
401000; 38.782165160305695; 1134.9622557694263; 4.38758483328336e-154; 3.605246370816236e-149; 4.396206005691573e-06
402000; 38.588738304615845; 1129.3016079032564; 3.079781323096773e-155; 2.530633790547882e-150; 4.380846180046351e-06
403000; 38.396276169393424; 1123.6691926361011; 2.1237510233163407e-156; 1.745070684729943e-151; 4.365540019821616e-06
404000; 38.20477394307506; 1118.064869157287; 1.4385613074523483e-157; 1.1820553060413708e-152; 4.350287337516719e-06
405000; 38.014226838095105; 1112.488497358434; 9.570741797824266e-159; 7.864208543816158e-154; 4.335087946286105e-06
406000; 37.82463009076602; 1106.9399378299574; 6.253258478093567e-160; 5.138256760964311e-155; 4.319941659937046e-06
407000; 37.63597896115922; 1101.419051857579; 4.012005577830215e-161; 3.2966356432458626e-156; 4.304848292927341e-06
408000; 37.44826873298667; 1095.9257014188634; 2.527327702307607e-162; 2.0766866904746153e-157; 4.28980766036306e-06
409000; 37.261494713482875; 1090.4597491797629; 1.5629917553006272e-163; 1.2842988950703592e-158; 4.274819577996262e-06
410000; 37.07565223328763; 1085.0210584911863; 9.488484116302825e-165; 7.796618008465756e-160; 4.2598838622227525e-06
411000; 36.890736646329216; 1079.6094933855834; 5.653685142810042e-166; 4.645591736080561e-161; 4.2450003300798245e-06
412000; 36.706743329708374; 1074.224918573545; 3.306057124800383e-167; 2.7165629620381126e-162; 4.230168799244026e-06
413000; 36.52366768358259; 1068.8671994404206; 1.8970642919408106e-168; 1.5588038553334516e-163; 4.215389088028917e-06
414000; 36.341505131051164; 1063.536202042952; 1.068059411146985e-169; 8.77616607351672e-165; 4.200661015382851e-06
415000; 36.1602511180408; 1058.231793105927; 5.899277619893732e-171; 4.847393278466501e-166; 4.185984400886752e-06
416000; 35.97990111319174; 1052.953840018846; 3.196247534459079e-172; 2.6263332246993253e-167; 4.171359064751913e-06
417000; 35.800450607744466; 1047.7022108326073; 1.698509187094977e-173; 1.3956525777280008e-168; 4.1567848278177805e-06
418000; 35.621895115426994; 1042.476774256207; 8.85174263923582e-175; 7.273412193291551e-170; 4.142261511549769e-06
419000; 35.44423017234271; 1037.2773996534586; 4.523454087495515e-176; 3.716889143381689e-171; 4.127788938037075e-06
420000; 35.26745133685879; 1032.1039570397265; 2.2664124825959367e-177; 1.8622945625274744e-172; 4.11336692999049e-06
421000; 35.09155418949515; 1026.9563170786762; 1.113221508585154e-178; 9.147259725432653e-174; 4.098995310740237e-06
422000; 34.916534332813924; 1021.8343510790397; 5.3597468966214805e-180; 4.4040648287768936e-175; 4.084673904233798e-06
423000; 34.742387391309585; 1016.737930991401; 2.5291401605423585e-181; 2.0781759741514858e-176; 4.070402535033766e-06
424000; 34.56910901129954; 1011.6669294049923; 1.1695343436314509e-182; 9.609978172813893e-178; 4.05618102831569e-06
425000; 34.39669486081525; 1006.6212195445096; 5.299193053704991e-184; 4.354308178886599e-179; 4.042009209865933e-06
426000; 34.225140629493986; 1001.6006752669442; 2.352383207721623e-185; 1.9329360786537575e-180; 4.0278869060795454e-06
427000; 34.05444202847101; 996.6051710584268; 1.0229455634098777e-186; 8.405468885865881e-182; 4.013813943958125e-06
428000; 33.88459479027241; 991.6345820310922; 4.3569976256586526e-188; 3.580113085997249e-183; 3.999790151107711e-06
429000; 33.7155946687084; 986.6887839199566; 1.81742442744449e-189; 1.4933643610883237e-184; 3.985815355736668e-06
430000; 33.54743743876713; 981.767653079809; 7.423405597847725e-191; 6.099758091904457e-186; 3.971889386653576e-06
431000; 33.380118896509096; 976.8710664821219; 2.9687322219269273e-192; 2.4393855562259057e-187; 3.95801207326514e-06
432000; 33.21363485896201; 971.9989017119756; 1.1622585378550246e-193; 9.550193408833396e-189; 3.944183245574096e-06
433000; 33.047981164016285; 967.151036964997; 4.453904292120774e-195; 3.6597405851444315e-190; 3.930402734177133e-06
434000; 32.883153670320915; 962.3273510443155; 1.670427463666138e-196; 1.3725780309499901e-191; 3.916670370262816e-06
435000; 32.71914825717997; 957.527723357531; 6.1306258532041855e-198; 5.037490429913053e-193; 3.902985985609512e-06
436000; 32.555960824449556; 952.7520339137016; 2.201475962681301e-199; 1.808936698998604e-194; 3.88934941258334e-06
437000; 32.3935872924354; 948.0001633203427; 7.733857641933534e-201; 6.354854266173815e-196; 3.875760484136109e-06
438000; 32.23202360179072; 943.2719927804421; 2.657616325898509e-202; 2.1837438996700976e-197; 3.862219033803277e-06
439000; 32.07126571341484; 938.5674040894897; 8.93187661034007e-204; 7.339257691322983e-199; 3.848724895701906e-06
440000; 31.911309608352155; 933.8862796325229; 2.935536955356786e-205; 2.4121092484443597e-200; 3.835277904528636e-06
441000; 31.752151287691746; 929.2285023811874; 9.433362402172381e-207; 7.751324899073443e-202; 3.821877895557658e-06
442000; 31.59378677246729; 924.5939558908087; 2.9635958638992773e-208; 2.435165048397105e-203; 3.8085247046386945e-06
443000; 31.436212103557654; 919.9825242974832; 9.100891491315203e-210; 7.478135983003453e-205; 3.7952181681949886e-06
444000; 31.279423341587897; 915.3940923151805; 2.7314925802199117e-211; 2.2444474775841507e-206; 3.7819581232213024e-06
445000; 31.12341656683083; 910.8285452328629; 8.011346512051536e-213; 6.582864841455658e-208; 3.768744407281921e-06
446000; 30.96818787910895; 906.2857689116153; 2.295822521369245e-214; 1.8864605763099796e-209; 3.7555768585086583e-06
447000; 30.81373339769697; 901.7656497817927; 6.427409072643288e-216; 5.281355030931214e-211; 3.7424553155988755e-06
448000; 30.660049261224813; 897.2680748401815; 1.7576628050708278e-217; 1.4442586730245092e-212; 3.7293796178135085e-06
449000; 30.507131627581067; 892.7929316471741; 4.694333679842674e-219; 3.857299654759798e-214; 3.716349604975097e-06
450000; 30.35497667381693; 888.3401083239578; 1.2242990942255507e-220; 1.005997612346385e-215; 3.703365117465821e-06
451000; 30.203580596050628; 883.9094935497172; 3.117541918163453e-222; 2.56166139536849e-217; 3.690425996225545e-06
452000; 30.052939609372334; 879.5009765588526; 7.74968267055981e-224; 6.367857576466566e-219; 3.6775320827498724e-06
453000; 29.90304994774952; 875.1144471382089; 1.880345436757782e-225; 1.5450660942956302e-220; 3.6646832190882007e-06
454000; 29.75390786393286; 870.7497956243227; 4.452545193103471e-227; 3.6586238234210935e-222; 3.6518792478417914e-06
455000; 29.605509629362487; 866.406912900679; 1.0287988975899746e-228; 8.453565304765609e-224; 3.6391200121618356e-06
456000; 29.4578515340748; 862.085690394983; 2.3191999602500394e-230; 1.9056696468776e-225; 3.626405355747537e-06
457000; 29.310929886609713; 857.7860200764468; 5.0999409729694134e-232; 4.1905842012895753e-227; 3.6137351228441936e-06
458000; 29.164741013918423; 853.5077944530894; 1.0938169727733563e-233; 8.987814073733412e-229; 3.6011091582412978e-06
459000; 29.01928126127148; 849.2509065690471; 2.2877555961298398e-235; 1.879832042834708e-230; 3.5885273072706225e-06
460000; 28.874546992167485; 845.0152500019005; 4.6654394839307145e-237; 3.833557505284071e-232; 3.5759894158043365e-06
461000; 28.73053458824217; 840.8007188600151; 9.275248715988583e-239; 7.621404039431868e-234; 3.5634953302531113e-06
462000; 28.587240449177948; 836.607207779893; 1.7973817837890615e-240; 1.4768954673698122e-235; 3.551044897564245e-06
463000; 28.444660992613887; 832.434611923539; 3.3944402436340345e-242; 2.789186724432238e-237; 3.538637965219781e-06
464000; 28.302792654056127; 828.2828269758389; 6.246545989919826e-244; 5.1327411585208094e-239; 3.5262743812346423e-06
465000; 28.16163188678882; 824.1517491419529; 1.1199177518051248e-245; 9.20228226627054e-241; 3.5139539941547694e-06
466000; 28.02117516178544; 820.0412751447202; 1.955855585450283e-247; 1.6071122312656394e-242; 3.5016766530552682e-06
467000; 27.881418967620544; 815.9513022220766; 3.326760598887284e-249; 2.733574855289469e-244; 3.4894422075385566e-06
468000; 27.742359810382; 811.8817281244862; 5.510228934922342e-251; 4.5277148191637973e-246; 3.4772505077325237e-06
469000; 27.603994213583615; 807.8324511123841; 8.886072761735375e-253; 7.301621003891022e-248; 3.4651014042886926e-06
470000; 27.46631871807829; 803.8033699536346; 1.3949883817534737e-254; 1.1462517516462396e-249; 3.4529947483803976e-06
471000; 27.32932988197146; 799.7943839209989; 2.131472669417719e-256; 1.7514155048625464e-251; 3.4409303917009504e-06
472000; 27.19302428053508; 795.8053927896171; 3.1693114393790693e-258; 2.604200032357493e-253; 3.4289081864618313e-06
473000; 27.057398506122006; 791.836296834503; 4.58514557472911e-260; 3.7675805872876824e-255; 3.416927985390874e-06
474000; 26.922449168080842; 787.8869968280517; 6.453139516441587e-262; 5.302497548431871e-257; 3.4049896417304685e-06
475000; 26.788172892671085; 783.9573940375567; 8.833746132749734e-264; 7.258624595521557e-259; 3.3930930092357544e-06
476000; 26.654566322978873; 780.0473902227441; 1.1759814923580407e-265; 9.662953922416111e-261; 3.381237942172835e-06
477000; 26.521626118832987; 776.1568876333143; 1.5221698325896802e-267; 1.2507558197121447e-262; 3.36942429531699e-06
478000; 26.389348956721395; 772.2857890064998; 1.915392044293485e-269; 1.5738636354096014e-264; 3.357651923950897e-06
479000; 26.257731529708185; 768.4339975646343; 2.3426566449386493e-271; 1.924943833145973e-266; 3.3459206838628616e-06
480000; 26.12677054735081; 764.6014170127305; 2.7844536417817436e-273; 2.2879651945618269e-268; 3.3342304313450454e-06
481000; 25.996462735617882; 760.787951536075; 3.2156981823073954e-275; 2.642315679792437e-270; 3.3225810231917073e-06
482000; 25.866804836807322; 756.9935057978321; 3.607759653688843e-277; 2.9644697236555814e-272; 3.310972316697453e-06
483000; 25.73779360946492; 753.2179849366609; 3.931421230218128e-279; 3.2304200741315754e-274; 3.2994041696554835e-06
484000; 25.60942582830327; 749.4612945643436; 4.1603838209875335e-281; 3.418556960548507e-276; 3.287876440355852e-06
485000; 25.48169828412115; 745.7233407634247; 4.2747504927304743e-283; 3.512531218348787e-278; 3.2763889875837303e-06
486000; 25.3546077837233; 742.0040300848646; 4.2638600645151236e-285; 3.503582633126642e-280; 3.2649416706176772e-06
487000; 25.228151149840603; 738.3032695457027; 4.127914518772837e-287; 3.391877172368806e-282; 3.253534349227919e-06
488000; 25.102325221050616; 734.6209666267329; 3.878058331504623e-289; 3.1865721705050306e-284; 3.242166883674625e-06
489000; 24.977126851698575; 730.9570292701903; 3.5348721062836424e-291; 2.9045785589840936e-286; 3.2308391347062005e-06
490000; 24.852552911818705; 727.3113658774498; 3.1255623048265105e-293; 2.5682516884359163e-288; 3.2195509635575774e-06
491000; 24.72860028705605; 723.6838853067376; 2.6803813323483954e-295; 2.2024497389879993e-290; 3.2083022319485198e-06
492000; 24.60526587858852; 720.0744968708498; 2.2289348684251073e-297; 1.8314994810395292e-292; 3.197092802081924e-06
493000; 24.482546603049478; 716.4831103348877; 1.7970015741943695e-299; 1.4765830519263512e-294; 3.1859225366421343e-06
494000; 24.360439392450637; 712.9096359140005; 1.4043237866889525e-301; 1.1539225856113003e-296; 3.174791298793258e-06
495000; 24.238941194105387; 709.3539842711422; 1.0635813202104025e-303; 8.73936992777652e-299; 3.163698952177494e-06
496000; 24.118048970552437; 705.8160665148362; 7.80504212997261e-306; 6.413346039418742e-301; 3.1526453609134567e-06
497000; 23.997759699479904; 702.2957941969544; 5.54877167765057e-308; 4.559385108998003e-303; 3.1416303895945156e-06
498000; 23.87807037364973; 698.7930793105052; 3.8207705993671e-310; 3.1394992599565014e-305; 3.1306539032871333e-06
499000; 23.75897800082256; 695.3078342874345; 2.54772488332e-312; 2.0934469049445884e-307; 3.1197157675292157e-06
500000; 23.640479603682856; 691.839971996435; 1.6448109883e-314; 1.35152916052106e-309; 3.1088158483284634e-06
501000; 23.52257221976452; 688.3894057407688; 1.02791054e-316; 8.446265652015e-312; 3.0979540121607303e-06
502000; 23.405252901376812; 684.9560492560996; 6.21703e-319; 5.1084905583e-314; 3.087130125968386e-06
503000; 23.28851871553066; 681.5398167083366; 3.636e-321; 2.98909716e-316; 3.0763440571586896e-06
504000; 23.172366743865343; 678.1406226914884; 2e-323; 1.482197e-318; 3.065595673602164e-06
505000; 23.05679408257552; 674.7583822255273; 0.0; 0.0; 3.0548848436309764e-06
506000; 22.941797842338637; 671.3930107542654; 0.0; 0.0; 3.044211436037325e-06
507000; 22.82737514824269; 668.0444241432407; 0.0; 0.0; 3.0335753200718325e-06
508000; 22.71352313971439; 664.7125386776138; 0.0; 0.0; 3.0229763654419477e-06
509000; 22.60023897044757; 661.3972710600743; 0.0; 0.0; 3.0124144423103425e-06
510000; 22.487519808332117; 658.0985384087592; 0.0; 0.0; 3.0018894212933267e-06
511000; 22.375362835383083; 654.8162582551798; 0.0; 0.0; 2.9914011734592598e-06
512000; 22.263765247670328; 651.5503485421623; 0.0; 0.0; 2.980949570326977e-06
513000; 22.15272425524834; 648.3007276217933; 0.0; 0.0; 2.970534483864208e-06
514000; 22.04223708208652; 645.0673142533803; 0.0; 0.0; 2.960155786486013e-06
515000; 21.932300965999772; 641.8500276014208; 0.0; 0.0; 2.949813351053219e-06
516000; 21.8229131585795; 638.6487872335814; 0.0; 0.0; 2.9395070508708646e-06
517000; 21.7140709251248; 635.4635131186859; 0.0; 0.0; 2.929236759686643e-06
518000; 21.605771544574168; 632.2941256247152; 0.0; 0.0; 2.9190023516893574e-06
519000; 21.49801230943745; 629.140545516817; 0.0; 0.0; 2.908803701507383e-06
520000; 21.39079052572816; 626.0026939553248; 0.0; 0.0; 2.8986406842071274e-06
521000; 21.284103512896117; 622.8804924937857; 0.0; 0.0; 2.8885131752915017e-06
522000; 21.17794860376045; 619.7738630770008; 0.0; 0.0; 2.8784210506983945e-06
523000; 21.072323144442883; 616.6827280390725; 0.0; 0.0; 2.868364186799153e-06
524000; 20.967224494301455; 613.6070101014642; 0.0; 0.0; 2.85834246039707e-06
525000; 20.862650025864422; 610.5466323710671; 0.0; 0.0; 2.8483557487258713e-06
526000; 20.75859712476464; 607.5015183382787; 0.0; 0.0; 2.8384039294482134e-06
527000; 20.655063189674152; 604.4715918750895; 0.0; 0.0; 2.828486880654186e-06
528000; 20.55204563223919; 601.45677723318; 0.0; 0.0; 2.8186044808598174e-06
529000; 20.449541877015452; 598.4569990420272; 0.0; 0.0; 2.8087566090055868e-06
530000; 20.347549361403722; 595.4721823070201; 0.0; 0.0; 2.7989431444549408e-06
531000; 20.246065535585803; 592.5022524075853; 0.0; 0.0; 2.7891639669928156e-06
532000; 20.14508786246074; 589.5471350953195; 0.0; 0.0; 2.7794189568241645e-06
533000; 20.04461381758148; 586.6067564921373; 0.0; 0.0; 2.7697079945724925e-06
534000; 19.944640889091644; 583.6810430884195; 0.0; 0.0; 2.76003096127839e-06
535000; 19.845166577662823; 580.7699217411791; 0.0; 0.0; 2.7503877383980773e-06
536000; 19.746188396432043; 577.8733196722308; 0.0; 0.0; 2.740778207801954e-06
537000; 19.647703870939623; 574.9911644663717; 0.0; 0.0; 2.7312022517731514e-06
538000; 19.549710539067295; 572.1233840695719; 0.0; 0.0; 2.721659753006086e-06
539000; 19.452205950976666; 569.2699067871721; 0.0; 0.0; 2.712150594605031e-06
540000; 19.35518766904793; 566.4306612820909; 0.0; 0.0; 2.7026746600826746e-06
541000; 19.25865326781902; 563.605576573044; 0.0; 0.0; 2.6932318333587024e-06
542000; 19.162600333924857; 560.7945820327657; 0.0; 0.0; 2.6838219987583694e-06
543000; 19.067026466037092; 557.9976073862462; 0.0; 0.0; 2.6744450410110813e-06
544000; 18.971929274804054; 555.2145827089738; 0.0; 0.0; 2.6651008452489905e-06
545000; 18.87730638279101; 552.4454384251865; 0.0; 0.0; 2.655789297005582e-06
546000; 18.78315542442073; 549.6901053061333; 0.0; 0.0; 2.6465102822142733e-06
547000; 18.689474045914352; 546.9485144683423; 0.0; 0.0; 2.6372636872070164e-06
548000; 18.59625990523252; 544.2205973718997; 0.0; 0.0; 2.6280493987129073e-06
549000; 18.50351067201689; 541.5062858187366; 0.0; 0.0; 2.6188673038567972e-06
550000; 18.411224027531784; 538.8055119509224; 0.0; 0.0; 2.6097172901579086e-06
551000; 18.319397664606285; 536.1182082489698; 0.0; 0.0; 2.6005992455284595e-06
552000; 18.228029287576536; 533.4443075301463; 0.0; 0.0; 2.591513058272289e-06
553000; 18.137116612228343; 530.7837429467942; 0.0; 0.0; 2.5824586170834895e-06
554000; 18.04665736574011; 528.1364479846612; 0.0; 0.0; 2.573435811045044e-06
555000; 17.95664928662595; 525.5023564612349; 0.0; 0.0; 2.564444529627465e-06
556000; 17.8670901246792; 522.8814025240902; 0.0; 0.0; 2.5554846626874435e-06
557000; 17.777977640916134; 520.2735206492416; 0.0; 0.0; 2.5465561004664952e-06
558000; 17.689309607520038; 517.6786456395071; 0.0; 0.0; 2.5376587335896243e-06
559000; 17.60108380778545; 515.0967126228761; 0.0; 0.0; 2.5287924530639733e-06
560000; 17.51329803606278; 512.5276570508886; 0.0; 0.0; 2.5199571502774954e-06
561000; 17.425950097703154; 509.9714146970213; 0.0; 0.0; 2.5111527169976208e-06
562000; 17.33903780900358; 507.42792165508274; 0.0; 0.0; 2.5023790453699324e-06
563000; 17.25255899715231; 504.8971143376141; 0.0; 0.0; 2.4936360279168425e-06
564000; 17.16651150017454; 502.3789294743007; 0.0; 0.0; 2.4849235575362785e-06
565000; 17.080893166878354; 499.8733041103894; 0.0; 0.0; 2.476241527500367e-06
566000; 16.99570185680098; 497.3801756051163; 0.0; 0.0; 2.467589831454135e-06
567000; 16.91093544015522; 494.8994816301385; 0.0; 0.0; 2.4589683634141964e-06
568000; 16.826591797776242; 492.43116016797757; 0.0; 0.0; 2.4503770177674587e-06
569000; 16.742668821068587; 489.97514951046804; 0.0; 0.0; 2.441815689269831e-06
570000; 16.659164411953476; 487.5313882572159; 0.0; 0.0; 2.4332842730449314e-06
571000; 16.576076482816337; 485.0998153140627; 0.0; 0.0; 2.4247826645828072e-06
572000; 16.493402956454602; 482.68036989155786; 0.0; 0.0; 2.4163107597386464e-06
573000; 16.411141766025803; 480.2729915034397; 0.0; 0.0; 2.4078684547315074e-06
574000; 16.32929085499591; 477.87761996512364; 0.0; 0.0; 2.3994556461430506e-06
575000; 16.247848177087878; 475.4941953921963; 0.0; 0.0; 2.391072230916265e-06
576000; 16.166811696230518; 473.12265819891894; 0.0; 0.0; 2.382718106354209e-06
577000; 16.08617938650758; 470.76294909673845; 0.0; 0.0; 2.374393170118752e-06
578000; 16.005949232107124; 468.41500909280404; 0.0; 0.0; 2.3660973202293207e-06
579000; 15.926119227271123; 466.07877948849386; 0.0; 0.0; 2.3578304550616514e-06
580000; 15.846687376245287; 463.7542018779458; 0.0; 0.0; 2.349592473346542e-06
581000; 15.767651693229206; 461.4412181465986; 0.0; 0.0; 2.3413832741686127e-06
582000; 15.689010202326681; 459.1397704697382; 0.0; 0.0; 2.3332027569650714e-06
583000; 15.610760937496359; 456.8498013110534; 0.0; 0.0; 2.325050821524481e-06
584000; 15.532901942502535; 454.5712534211956; 0.0; 0.0; 2.316927367985529e-06
585000; 15.455431270866281; 452.304069836349; 0.0; 0.0; 2.308832296835808e-06
586000; 15.378346985816762; 450.04819387680556; 0.0; 0.0; 2.3007655089105963e-06
587000; 15.301647160242851; 447.8035691455493; 0.0; 0.0; 2.29272690539164e-06
588000; 15.225329876644908; 445.5701395268448; 0.0; 0.0; 2.284716387805946e-06
589000; 15.149393227086868; 443.34784918483524; 0.0; 0.0; 2.2767338580245736e-06
590000; 15.07383531314853; 441.1366425621462; 0.0; 0.0; 2.268779218261432e-06
591000; 14.998654245878123; 438.9364643784973; 0.0; 0.0; 2.260852371072087e-06
592000; 14.923848145745042; 436.7472596293191; 0.0; 0.0; 2.2529532193525594e-06
593000; 14.84941514259289; 434.5689735843789; 0.0; 0.0; 2.2450816663381433e-06
594000; 14.775353375592708; 432.4015517864121; 0.0; 0.0; 2.2372376156022143e-06
595000; 14.701660993196468; 430.2449400497609; 0.0; 0.0; 2.2294209710550535e-06
596000; 14.628336153090771; 428.0990844590196; 0.0; 0.0; 2.221631636942668e-06
597000; 14.555377022150795; 425.96393136768665; 0.0; 0.0; 2.213869517845617e-06
598000; 14.482781776394459; 423.8394273968233; 0.0; 0.0; 2.2061345186778436e-06
599000; 14.410548600936853; 421.7255194337201; 0.0; 0.0; 2.1984265446855132e-06
600000; 14.338675689944818; 419.6221546305676; 0.0; 0.0; 2.190745501445847e-06
601000; 14.26716124659184; 417.5292804031362; 0.0; 0.0; 2.183091294865969e-06
602000; 14.196003483013108; 415.44684442946124; 0.0; 0.0; 2.1754638311817533e-06
603000; 14.12520062026082; 413.37479464853465; 0.0; 0.0; 2.1678630169566734e-06
604000; 14.054750888259735; 411.31307925900444; 0.0; 0.0; 2.1602887590806615e-06
605000; 13.984652525762874; 409.2616467178783; 0.0; 0.0; 2.1527409647689633e-06
606000; 13.914903780307526; 407.22044573923586; 0.0; 0.0; 2.145219541561004e-06
607000; 13.845502908171413; 405.18942529294605; 0.0; 0.0; 2.1377243973192545e-06
608000; 13.776448174329133; 403.16853460339246; 0.0; 0.0; 2.130255440228106e-06
609000; 13.707737852408734; 401.1577231482023; 0.0; 0.0; 2.122812578792739e-06
610000; 13.639370224648589; 399.1569406569845; 0.0; 0.0; 2.1153957218380084e-06
611000; 13.57134358185444; 397.1661371100724; 0.0; 0.0; 2.1080047785073233e-06
612000; 13.503656223356685; 395.1852627372739; 0.0; 0.0; 2.1006396582615366e-06
613000; 13.43630645696783; 393.21426801662653; 0.0; 0.0; 2.0933002708778326e-06
614000; 13.369292598940207; 391.2531036731594; 0.0; 0.0; 2.0859865264486243e-06
615000; 13.302612973923871; 389.30172067766176; 0.0; 0.0; 2.0786983353804496e-06
616000; 13.236265914924733; 387.36007024545745; 0.0; 0.0; 2.071435608392879e-06
617000; 13.170249763262857; 385.4281038351842; 0.0; 0.0; 2.0641982565174144e-06
618000; 13.104562868531014; 383.50577314758124; 0.0; 0.0; 2.0569861910964054e-06
619000; 13.03920358855341; 381.59303012428114; 0.0; 0.0; 2.04979932378196e-06
620000; 12.974170289344649; 379.6898269466089; 0.0; 0.0; 2.042637566534865e-06
621000; 12.909461345068861; 377.7961160343859; 0.0; 0.0; 2.0355008316235035e-06
622000; 12.845075137999068; 375.9118500447406; 0.0; 0.0; 2.0283890316227836e-06
623000; 12.781010058476733; 374.03698187092505; 0.0; 0.0; 2.021302079413066e-06
624000; 12.717264504871546; 372.1714646411375; 0.0; 0.0; 2.0142398881790983e-06
625000; 12.65383688354134; 370.31525171735007; 0.0; 0.0; 2.0072023714089503e-06
626000; 12.590725608792273; 368.4682966941427; 0.0; 0.0; 2.0001894428929514e-06
627000; 12.527929102839195; 366.6305533975438; 0.0; 0.0; 1.993201016722641e-06
628000; 12.465445795766179; 364.801975883875; 0.0; 0.0; 1.986237007289711e-06
629000; 12.403274125487307; 362.9825184386037; 0.0; 0.0; 1.9792973292849586e-06
630000; 12.341412537707576; 361.1721355751986; 0.0; 0.0; 1.9723818976972413e-06
631000; 12.279859485884069; 359.3707820339939; 0.0; 0.0; 1.965490627812436e-06
632000; 12.218613431187281; 357.57841278105724; 0.0; 0.0; 1.9586234352124e-06
633000; 12.157672842462665; 355.79498300706416; 0.0; 0.0; 1.9517802357739387e-06
634000; 12.09703619619232; 354.02044812617714; 0.0; 0.0; 1.944960945667773e-06
635000; 12.036701976456937; 352.254763774932; 0.0; 0.0; 1.938165481357514e-06
636000; 11.976668674897873; 350.4978858111276; 0.0; 0.0; 1.931393759598638e-06
637000; 11.916934790679472; 348.7497703127238; 0.0; 0.0; 1.9246456974374703e-06
638000; 11.857498830451512; 347.01037357674187; 0.0; 0.0; 1.9179212122101647e-06
639000; 11.798359308311891; 345.27965211817286; 0.0; 0.0; 1.911220221541692e-06
640000; 11.73951474576947; 343.5575626688899; 0.0; 0.0; 1.9045426433448334e-06
641000; 11.680963671707135; 341.84406217656755; 0.0; 0.0; 1.8978883958191728e-06
642000; 11.622704622344973; 340.13910780360385; 0.0; 0.0; 1.8912573974500942e-06
643000; 11.56473614120372; 338.442656926051; 0.0; 0.0; 1.8846495670077856e-06
644000; 11.507056779068325; 336.7546671325483; 0.0; 0.0; 1.8780648235462397e-06
645000; 11.449665093951737; 335.0750962232634; 0.0; 0.0; 1.8715030864022686e-06
646000; 11.392559651058836; 333.403902208836; 0.0; 0.0; 1.8649642751945095e-06
647000; 11.335739022750573; 331.7410433093285; 0.0; 0.0; 1.8584483098224432e-06
648000; 11.279201788508278; 330.0864779531818; 0.0; 0.0; 1.851955110465412e-06
649000; 11.222946534898156; 328.4401647761761; 0.0; 0.0; 1.8454845975816436e-06
650000; 11.166971855535941; 326.80206262039616; 0.0; 0.0; 1.8390366919072738e-06
651000; 11.111276351051725; 325.1721305332026; 0.0; 0.0; 1.8326113144553774e-06
652000; 11.055858629054999; 323.5503277662085; 0.0; 0.0; 1.8262083865150006e-06
653000; 11.00071730409982; 321.93661377425997; 0.0; 0.0; 1.8198278296501947e-06
654000; 10.945850997650204; 320.3309482144235; 0.0; 0.0; 1.81346956569906e-06
655000; 10.891258338045626; 318.73329094497626; 0.0; 0.0; 1.8071335167727832e-06
656000; 10.836937960466754; 317.14360202440344; 0.0; 0.0; 1.8008196052546853e-06
657000; 10.78288850690131; 315.5618417103989; 0.0; 0.0; 1.7945277537992708e-06
658000; 10.729108626110154; 313.9879704588728; 0.0; 0.0; 1.788257885331282e-06
659000; 10.675596973593459; 312.42194892296175; 0.0; 0.0; 1.7820099230447508e-06
660000; 10.622352211557127; 310.8637379520459; 0.0; 0.0; 1.7757837904020616e-06
661000; 10.569373008879323; 309.3132985907693; 0.0; 0.0; 1.7695794111330106e-06
662000; 10.516658041077237; 307.7705920780678; 0.0; 0.0; 1.7633967092338757e-06
663000; 10.464205990273921; 306.23557984619805; 0.0; 0.0; 1.7572356089664803e-06
664000; 10.412015545165373; 304.7082235197741; 0.0; 0.0; 1.7510960348572696e-06
665000; 10.36008540098774; 303.1884849148083; 0.0; 0.0; 1.744977911696383e-06
666000; 10.308414259484728; 301.6763260377566; 0.0; 0.0; 1.7388811645367367e-06
667000; 10.257000828875098; 300.1717090845682; 0.0; 0.0; 1.7328057186931007e-06
668000; 10.20584382382041; 298.67459643974087; 0.0; 0.0; 1.7267514997411882e-06
669000; 10.154941965392869; 297.1849506753804; 0.0; 0.0; 1.7207184335167404e-06
670000; 10.10429398104337; 295.70273455026523; 0.0; 0.0; 1.7147064461146215e-06
671000; 10.05389860456966; 294.2279110089151; 0.0; 0.0; 1.7087154638879103e-06
672000; 10.003754576084708; 292.76044318066454; 0.0; 0.0; 1.7027454134469995e-06
673000; 9.953860641985184; 291.30029437874134; 0.0; 0.0; 1.6967962216586962e-06
674000; 9.904215554920142; 289.8474280993496; 0.0; 0.0; 1.6908678156453275e-06
675000; 9.85481807375982; 288.40180802075656; 0.0; 0.0; 1.6849601227838453e-06
676000; 9.805666963564613; 286.9633980023851; 0.0; 0.0; 1.6790730707049377e-06
677000; 9.75676099555421; 285.53216208390967; 0.0; 0.0; 1.6732065872921436e-06
678000; 9.708098947076852; 284.1080644843576; 0.0; 0.0; 1.6673606006809668e-06
679000; 9.659679601578809; 282.6910696012152; 0.0; 0.0; 1.6615350392580001e-06
680000; 9.611501748573913; 281.2811420095362; 0.0; 0.0; 1.6557298316600417e-06
681000; 9.563564183613332; 279.87824646105764; 0.0; 0.0; 1.6499449067732267e-06
682000; 9.515865708255438; 278.4823478833174; 0.0; 0.0; 1.6441801937321519e-06
683000; 9.468405130035876; 277.09341137877874; 0.0; 0.0; 1.6384356219190115e-06
684000; 9.421181262437708; 275.71140222395644; 0.0; 0.0; 1.632711120962729e-06
685000; 9.37419292486179; 274.33628586854974; 0.0; 0.0; 1.6270066207380953e-06
686000; 9.327438942597228; 272.968027934578; 0.0; 0.0; 1.6213220513649114e-06
687000; 9.280918146792041; 271.6065942155219; 0.0; 0.0; 1.6156573432071322e-06
688000; 9.234629374423903; 270.2519506754673; 0.0; 0.0; 1.6100124268720113e-06
689000; 9.1885714682711; 268.9040634482553; 0.0; 0.0; 1.6043872332092536e-06
690000; 9.142743276883568; 267.5628988366347; 0.0; 0.0; 1.5987816933101649e-06
691000; 9.097143654554149; 266.2284233114208; 0.0; 0.0; 1.593195738506813e-06
692000; 9.051771461289903; 264.90060351065574; 0.0; 0.0; 1.587629300371181e-06
693000; 9.006625562783634; 263.57940623877533; 0.0; 0.0; 1.5820823107143324e-06
694000; 8.96170483038553; 262.26479846577894; 0.0; 0.0; 1.5765547015855738e-06
695000; 8.917008141074943; 260.9567473264039; 0.0; 0.0; 1.5710464052716248e-06
696000; 8.872534377432311; 259.6552201193035; 0.0; 0.0; 1.5655573542957869e-06
697000; 8.828282427611228; 258.3601843062299; 0.0; 0.0; 1.5600874814171173e-06
698000; 8.784251185310636; 257.07160751122; 0.0; 0.0; 1.554636719629603e-06
699000; 8.740439549747196; 255.78945751978725; 0.0; 0.0; 1.549205002161346e-06
700000; 8.69684642562773; 254.5137022781148; 0.0; 0.0; 1.5437922624737388e-06
701000; 8.653470723121867; 253.24430989225533; 0.0; 0.0; 1.5383984342606522e-06
702000; 8.610311357834783; 251.98124862733292; 0.0; 0.0; 1.5330234514476235e-06
703000; 8.567367250780094; 250.7244869067501; 0.0; 0.0; 1.527667248191045e-06
704000; 8.524637328352897; 249.47399331139866; 0.0; 0.0; 1.5223297588773611e-06
705000; 8.482120522302901; 248.22973657887346; 0.0; 0.0; 1.517010918122261e-06
706000; 8.43981576970774; 246.99168560269138; 0.0; 0.0; 1.5117106607698782e-06
707000; 8.397722012946392; 245.75980943151336; 0.0; 0.0; 1.5064289218919935e-06
708000; 8.355838199672753; 244.5340772683713; 0.0; 0.0; 1.5011656367872409e-06
709000; 8.314163282789305; 243.31445846989706; 0.0; 0.0; 1.495920740980311e-06
710000; 8.27269622042096; 242.1009225455573; 0.0; 0.0; 1.4906941702211654e-06
711000; 8.231435975888987; 240.89343915689037; 0.0; 0.0; 1.485485860484245e-06
712000; 8.19038151768514; 239.69197811674914; 0.0; 0.0; 1.4802957479676934e-06
713000; 8.149531819445816; 238.49650938854475; 0.0; 0.0; 1.4751237690925657e-06
714000; 8.108885859926433; 237.30700308549677; 0.0; 0.0; 1.4699698605020557e-06
715000; 8.068442622975883; 236.1234294698856; 0.0; 0.0; 1.464833959060719e-06
716000; 8.028201097511143; 234.94575895230938; 0.0; 0.0; 1.459716001853699e-06
717000; 7.988160277491975; 233.77396209094366; 0.0; 0.0; 1.4546159261859557e-06
718000; 7.948319161895797; 232.608009590806; 0.0; 0.0; 1.4495336695814988e-06
719000; 7.908676754692637; 231.44787230302305; 0.0; 0.0; 1.4444691697826203e-06
720000; 7.869232064820258; 230.2935212241023; 0.0; 0.0; 1.4394223647491356e-06
721000; 7.8299841061593565; 229.1449274952067; 0.0; 0.0; 1.4343931926576193e-06
722000; 7.790931897508921; 228.00206240143308; 0.0; 0.0; 1.4293815919006504e-06
723000; 7.752074462561697; 226.86489737109446; 0.0; 0.0; 1.4243875010860568e-06
724000; 7.713410829879796; 225.73340397500618; 0.0; 0.0; 1.419410859036164e-06
725000; 7.674940032870381; 224.60755392577423; 0.0; 0.0; 1.4144516047870448e-06
726000; 7.636661109761526; 223.48731907708873; 0.0; 0.0; 1.4095096775877717e-06
727000; 7.598573103578157; 222.3726714230201; 0.0; 0.0; 1.4045850168996755e-06
728000; 7.560675062118134; 221.2635830973189; 0.0; 0.0; 1.3996775623956006e-06
729000; 7.5229660379284535; 220.16002637271941; 0.0; 0.0; 1.3947872539591687e-06
730000; 7.485445088281541; 219.06197366024585; 0.0; 0.0; 1.3899140316840399e-06
731000; 7.448111275151703; 217.96939750852331; 0.0; 0.0; 1.3850578358731803e-06
732000; 7.410963665191665; 216.88227060309103; 0.0; 0.0; 1.3802186070381304e-06
733000; 7.374001329709247; 215.80056576571982; 0.0; 0.0; 1.3753962858982771e-06
734000; 7.337223344644134; 214.72425595373238; 0.0; 0.0; 1.3705908133801254e-06
735000; 7.300628790544785; 213.65331425932732; 0.0; 0.0; 1.3658021306165773e-06
736000; 7.264216752545439; 212.58771390890652; 0.0; 0.0; 1.3610301789462084e-06
737000; 7.227986320343253; 211.52742826240572; 0.0; 0.0; 1.356274899912552e-06
738000; 7.191936588175533; 210.4724308126286; 0.0; 0.0; 1.35153623526338e-06
739000; 7.156066654797099; 209.42269518458392; 0.0; 0.0; 1.3468141269499912e-06
740000; 7.120375623457745; 208.3781951348262; 0.0; 0.0; 1.3421085171264996e-06
741000; 7.084862601879832; 207.33890455079995; 0.0; 0.0; 1.3374193481491263e-06
742000; 7.049526702235971; 206.3047974501864; 0.0; 0.0; 1.332746562575493e-06
743000; 7.014367041126828; 205.27584798025418; 0.0; 0.0; 1.3280901031639168e-06
744000; 6.979382739559042; 204.25203041721278; 0.0; 0.0; 1.3234499128727123e-06
745000; 6.944572922923258; 203.23331916557007; 0.0; 0.0; 1.318825934859491e-06
746000; 6.909936720972245; 202.2196887574916; 0.0; 0.0; 1.3142181124804639e-06
747000; 6.875473267799147; 201.21111385216432; 0.0; 0.0; 1.3096263892897493e-06
748000; 6.84118170181584; 200.20756923516302; 0.0; 0.0; 1.3050507090386802e-06
749000; 6.807061165731394; 199.20902981782018; 0.0; 0.0; 1.300491015675117e-06
750000; 6.7731108065306245; 198.21547063659824; 0.0; 0.0; 1.295947253342759e-06
751000; 6.739329775452785; 197.22686685246595; 0.0; 0.0; 1.2914193663804605e-06
752000; 6.705717227970339; 196.24319375027721; 0.0; 0.0; 1.2869072993215496e-06
753000; 6.672272323767847; 195.2644267381532; 0.0; 0.0; 1.282410996893148e-06
754000; 6.638994226720966; 194.2905413468677; 0.0; 0.0; 1.2779304040154957e-06
755000; 6.605882104875533; 193.3215132292352; 0.0; 0.0; 1.273465465801273e-06
756000; 6.57293513042678; 192.35731815950226; 0.0; 0.0; 1.2690161275549317e-06
757000; 6.540152479698625; 191.39793203274186; 0.0; 0.0; 1.264582334772022e-06
758000; 6.507533333123098; 190.44333086425098; 0.0; 0.0; 1.260164033138527e-06
759000; 6.475076875219834; 189.4934907889507; 0.0; 0.0; 1.2557611685301972e-06
760000; 6.442782294575694; 188.54838806078953; 0.0; 0.0; 1.251373687011885e-06
761000; 6.4106487838244774; 187.60799905215006; 0.0; 0.0; 1.2470015348368871e-06
762000; 6.378675539626748; 186.67230025325827; 0.0; 0.0; 1.2426446584462853e-06
763000; 6.346861762649732; 185.74126827159535; 0.0; 0.0; 1.2383030044682893e-06
764000; 6.315206657547348; 184.8148798313132; 0.0; 0.0; 1.2339765197175828e-06
765000; 6.283709432940317; 183.8931117726525; 0.0; 0.0; 1.2296651511946742e-06
766000; 6.2523693013963895; 182.97594105136403; 0.0; 0.0; 1.2253688460852448e-06
767000; 6.221185479410641; 182.06334473813183; 0.0; 0.0; 1.2210875517595036e-06
768000; 6.190157187385899; 181.1553000180006; 0.0; 0.0; 1.2168212157715415e-06
769000; 6.159283649613243; 180.25178418980488; 0.0; 0.0; 1.2125697858586888e-06
770000; 6.128564094252625; 179.35277466560208; 0.0; 0.0; 1.2083332099408766e-06
771000; 6.097997753313561; 178.45824897010726; 0.0; 0.0; 1.2041114361199968e-06
772000; 6.067583862635934; 177.5681847401314; 0.0; 0.0; 1.1999044126792671e-06
773000; 6.03732166187089; 176.6825597240223; 0.0; 0.0; 1.1957120880825974e-06
774000; 6.00721039446184; 175.8013517811086; 0.0; 0.0; 1.1915344109739596e-06
775000; 5.977249307625526; 174.92453888114574; 0.0; 0.0; 1.1873713301767565e-06
776000; 5.94743765233322; 174.0520991037656; 0.0; 0.0; 1.183222794693197e-06
777000; 5.9177746832919835; 173.18401063792825; 0.0; 0.0; 1.1790887537036682e-06
778000; 5.888259658926046; 172.32025178137684; 0.0; 0.0; 1.1749691565661173e-06
779000; 5.858891841358263; 171.460800940095; 0.0; 0.0; 1.1708639528154276e-06
780000; 5.829670496391666; 170.60563662776696; 0.0; 0.0; 1.1667730921628019e-06
781000; 5.800594893491106; 169.75473746524028; 0.0; 0.0; 1.1626965244951458e-06
782000; 5.771664305764997; 168.9080821799916; 0.0; 0.0; 1.1586341998744542e-06
783000; 5.742878009947143; 168.0656496055948; 0.0; 0.0; 1.1545860685372006e-06
784000; 5.714235286378644; 167.22741868119155; 0.0; 0.0; 1.1505520808937249e-06
785000; 5.685735418989922; 166.39336845096506; 0.0; 0.0; 1.1465321875276278e-06
786000; 5.657377695282805; 165.56347806361615; 0.0; 0.0; 1.142526339195165e-06
787000; 5.629161406312727; 164.737726771842; 0.0; 0.0; 1.1385344868246458e-06
788000; 5.601085846670993; 163.91609393181724; 0.0; 0.0; 1.1345565815158274e-06
789000; 5.57315031446715; 163.0985590026781; 0.0; 0.0; 1.1305925745393209e-06
790000; 5.545354111311434; 162.28510154600866; 0.0; 0.0; 1.12664241733599e-06
791000; 5.517696542297324; 161.47570122533028; 0.0; 0.0; 1.122706061516361e-06
792000; 5.4901769159841525; 160.67033780559277; 0.0; 0.0; 1.118783458860025e-06
793000; 5.462794544379827; 159.86899115266863; 0.0; 0.0; 1.114874561315051e-06
794000; 5.435548742923629; 159.07164123284974; 0.0; 0.0; 1.1109793209973942e-06
795000; 5.408438830469108; 158.27826811234672; 0.0; 0.0; 1.107097690190313e-06
796000; 5.381464129267039; 157.48885195679023; 0.0; 0.0; 1.1032296213437813e-06
797000; 5.354623964948487; 156.70337303073518; 0.0; 0.0; 1.0993750670739071e-06
798000; 5.327917666507942; 155.92181169716747; 0.0; 0.0; 1.0955339801623522e-06
799000; 5.301344566286559; 155.14414841701318; 0.0; 0.0; 1.0917063135557544e-06
800000; 5.274903999955446; 154.37036374864977; 0.0; 0.0; 1.0878920203651498e-06
801000; 5.248595306499064; 153.60043834742018; 0.0; 0.0; 1.0840910538653987e-06
802000; 5.222417828198711; 152.83435296514932; 0.0; 0.0; 1.0803033674946146e-06
803000; 5.196370910616063; 152.07208844966271; 0.0; 0.0; 1.0765289148535916e-06
804000; 5.170453902576827; 151.3136257443078; 0.0; 0.0; 1.072767649705238e-06
805000; 5.144666156154444; 150.55894588747728; 0.0; 0.0; 1.0690195259740075e-06
806000; 5.11900702665392; 149.80803001213565; 0.0; 0.0; 1.065284497745339e-06
807000; 5.093475872595679; 149.0608593453469; 0.0; 0.0; 1.06156251926509e-06
808000; 5.068072055699538; 148.31741520780534; 0.0; 0.0; 1.0578535449389768e-06
809000; 5.042794940868752; 147.57767901336882; 0.0; 0.0; 1.0541575293320179e-06
810000; 5.017643896174134; 146.84163226859405; 0.0; 0.0; 1.0504744271679756e-06
811000; 4.992618292838255; 146.10925657227395; 0.0; 0.0; 1.0468041933288025e-06
812000; 4.9677175052197295; 145.38053361497802; 0.0; 0.0; 1.0431467828540882e-06
813000; 4.9429409107975655; 144.65544517859425; 0.0; 0.0; 1.039502150940508e-06
814000; 4.918287890155622; 143.93397313587425; 0.0; 0.0; 1.035870252941277e-06
815000; 4.893757826967092; 143.21609944997917; 0.0; 0.0; 1.032251044365598e-06
816000; 4.8693501079791215; 142.50180617402953; 0.0; 0.0; 1.0286444808781212e-06
817000; 4.845064122997461; 141.79107545065622; 0.0; 0.0; 1.0250505182983983e-06
818000; 4.8208992648712234; 141.08388951155413; 0.0; 0.0; 1.0214691126003431e-06
819000; 4.796854929477696; 140.38023067703799; 0.0; 0.0; 1.017900219911691e-06
820000; 4.772930515707243; 139.6800813556002; 0.0; 0.0; 1.0143437965134619e-06
821000; 4.749125425448267; 138.98342404347122; 0.0; 0.0; 1.010799798839424e-06
822000; 4.725439063572283; 138.29024132418215; 0.0; 0.0; 1.0072681834755628e-06
823000; 4.701870837919005; 137.6005158681288; 0.0; 0.0; 1.0037489071595453e-06
824000; 4.678420159281564; 136.91423043213888; 0.0; 0.0; 1.0002419267801925e-06
825000; 4.655086441391773; 136.23136785904072; 0.0; 0.0; 9.96747199376951e-07
826000; 4.63186910090547; 135.55191107723442; 0.0; 0.0; 9.932646821393664e-07
827000; 4.6087675573879325; 134.8758431002651; 0.0; 0.0; 9.897943324065593e-07
828000; 4.58578123329937; 134.20314702639797; 0.0; 0.0; 9.863361076667015e-07
829000; 4.562909553980482; 133.5338060381963; 0.0; 0.0; 9.82889965556497e-07
830000; 4.540151947638093; 132.8678034021004; 0.0; 0.0; 9.794558638606613e-07
831000; 4.517507845330865; 132.20512246800988; 0.0; 0.0; 9.760337605114066e-07
832000; 4.494976680955056; 131.54574666886668; 0.0; 0.0; 9.726236135879239e-07
833000; 4.472557891230386; 130.88965952024157; 0.0; 0.0; 9.692253813158703e-07
834000; 4.450250915685942; 130.23684461992164; 0.0; 0.0; 9.658390220668582e-07
835000; 4.428055196646174; 129.58728564750038; 0.0; 0.0; 9.624644943579445e-07
836000; 4.4059701792169506; 128.94096636396972; 0.0; 0.0; 9.591017568511227e-07
837000; 4.3839953112716845; 128.29787061131373; 0.0; 0.0; 9.557507683528158e-07
838000; 4.3621300434375305; 127.65798231210516; 0.0; 0.0; 9.524114878133727e-07
839000; 4.340373829081662; 127.02128546910339; 0.0; 0.0; 9.49083874326566e-07
840000; 4.318726124297579; 126.38776416485398; 0.0; 0.0; 9.45767887129088e-07
841000; 4.297186387891539; 125.75740256129143; 0.0; 0.0; 9.424634856000547e-07
842000; 4.2757540813690085; 125.13018489934278; 0.0; 0.0; 9.391706292605056e-07
843000; 4.254428668921207; 124.5060954985338; 0.0; 0.0; 9.358892777729096e-07
844000; 4.233209617411715; 123.88511875659702; 0.0; 0.0; 9.326193909406698e-07
845000; 4.212096396363137; 123.26723914908148; 0.0; 0.0; 9.293609287076314e-07
846000; 4.191088477943844; 122.65244122896472; 0.0; 0.0; 9.261138511575911e-07
847000; 4.17018533695479; 122.04070962626696; 0.0; 0.0; 9.228781185138093e-07
848000; 4.149386450816357; 121.43202904766613; 0.0; 0.0; 9.1965369113852e-07
849000; 4.128691299555309; 120.82638427611612; 0.0; 0.0; 9.164405295324476e-07
850000; 4.108099365791786; 120.22376017046605; 0.0; 0.0; 9.132385943343224e-07
851000; 4.087610134726372; 119.62414166508191; 0.0; 0.0; 9.100478463203981e-07
852000; 4.067223094127222; 119.02751376946978; 0.0; 0.0; 9.068682464039714e-07
853000; 4.046937734317259; 118.43386156790126; 0.0; 0.0; 9.036997556349037e-07
854000; 4.026753548161434; 117.84317021904042; 0.0; 0.0; 9.005423351991436e-07
855000; 4.006670031054035; 117.25542495557256; 0.0; 0.0; 8.973959464182506e-07
856000; 3.9866866809060975; 116.6706110838358; 0.0; 0.0; 8.942605507489239e-07
857000; 3.966802998132822; 116.08871398345269; 0.0; 0.0; 8.911361097825267e-07
858000; 3.947018485641105; 115.50971910696549; 0.0; 0.0; 8.880225852446183e-07
859000; 3.927332648817103; 114.93361197947209; 0.0; 0.0; 8.84919938994484e-07
860000; 3.90774499551387; 114.36037819826431; 0.0; 0.0; 8.818281330246685e-07
861000; 3.8882550360390535; 113.79000343246774; 0.0; 0.0; 8.7874712946051e-07
862000; 3.8688622831426516; 113.22247342268359; 0.0; 0.0; 8.756768905596762e-07
863000; 3.849566252004828; 112.6577739806319; 0.0; 0.0; 8.726173787117019e-07
864000; 3.830366460223806; 112.09589098879741; 0.0; 0.0; 8.695685564375295e-07
865000; 3.811262427803788; 111.53681040007596; 0.0; 0.0; 8.665303863890477e-07
866000; 3.7922536771429693; 110.98051823742377; 0.0; 0.0; 8.635028313486353e-07
867000; 3.7733397330215923; 110.42700059350773; 0.0; 0.0; 8.604858542287052e-07
868000; 3.754520122590069; 109.87624363035793; 0.0; 0.0; 8.5747941807125e-07
869000; 3.735794375357158; 109.32823357902161; 0.0; 0.0; 8.544834860473891e-07
870000; 3.7171620231782043; 108.78295673921897; 0.0; 0.0; 8.514980214569178e-07
871000; 3.6986226002434295; 108.24039947900052; 0.0; 0.0; 8.48522987727857e-07
872000; 3.6801756430663; 107.70054823440661; 0.0; 0.0; 8.455583484160073e-07
873000; 3.6618206904719237; 107.163389509128; 0.0; 0.0; 8.426040672044996e-07
874000; 3.6435572835855283; 106.62890987416853; 0.0; 0.0; 8.396601079033521e-07
875000; 3.6253849658209925; 106.09709596750955; 0.0; 0.0; 8.367264344490265e-07
876000; 3.607303282869424; 105.56793449377561; 0.0; 0.0; 8.338030109039865e-07
877000; 3.5893117826878074; 105.04141222390237; 0.0; 0.0; 8.308898014562567e-07
878000; 3.571410015487702; 104.51751599480563; 0.0; 0.0; 8.279867704189854e-07
879000; 3.5535975337239947; 103.99623270905239; 0.0; 0.0; 8.250938822300057e-07
880000; 3.5358738920837105; 103.47754933453325; 0.0; 0.0; 8.222111014514009e-07
881000; 3.518238647474892; 102.96145290413703; 0.0; 0.0; 8.193383927690715e-07
882000; 3.5006913590155024; 102.44793051542601; 0.0; 0.0; 8.164757209922993e-07
883000; 3.4832315880224156; 101.9369693303137; 0.0; 0.0; 8.136230510533195e-07
884000; 3.465858898000448; 101.42855657474387; 0.0; 0.0; 8.107803480068896e-07
885000; 3.4485728546314443; 100.92267953837116; 0.0; 0.0; 8.079475770298618e-07
886000; 3.4313730257634187; 100.41932557424326; 0.0; 0.0; 8.051247034207562e-07
887000; 3.414258981399756; 99.91848209848494; 0.0; 0.0; 8.023116925993357e-07
888000; 3.3972302936884504; 99.42013658998306; 0.0; 0.0; 7.99508510106182e-07
889000; 3.38028653691143; 98.92427659007417; 0.0; 0.0; 7.967151216022758e-07
890000; 3.3634272874738884; 98.43088970223234; 0.0; 0.0; 7.939314928685723e-07
891000; 3.3466521238937124; 97.93996359175966; 0.0; 0.0; 7.911575898055848e-07
892000; 3.3299606267909394; 97.45148598547785; 0.0; 0.0; 7.883933784329659e-07
893000; 3.313352378877271; 96.96544467142125; 0.0; 0.0; 7.856388248890918e-07
894000; 3.2968269649456454; 96.48182749853173; 0.0; 0.0; 7.828938954306474e-07
895000; 3.2803839718598535; 96.00062237635478; 0.0; 0.0; 7.801585564322121e-07
896000; 3.2640229885442085; 95.5218172747372; 0.0; 0.0; 7.774327743858485e-07
897000; 3.247743605973281; 95.04540022352666; 0.0; 0.0; 7.747165159006937e-07
898000; 3.231545417161657; 94.57135931227198; 0.0; 0.0; 7.720097477025468e-07
899000; 3.2154280171537715; 94.09968268992573; 0.0; 0.0; 7.693124366334634e-07
900000; 3.199391003013785; 93.63035856454773; 0.0; 0.0; 7.666245496513491e-07
901000; 3.183433973815509; 93.16337520301045; 0.0; 0.0; 7.639460538295548e-07
902000; 3.1675565306323827; 92.6987209307055; 0.0; 0.0; 7.612769163564733e-07
903000; 3.151758276527499; 92.2363841312519; 0.0; 0.0; 7.58617104535137e-07
904000; 3.136038816543683; 91.77635324620553; 0.0; 0.0; 7.559665857828181e-07
905000; 3.120397757693613; 91.31861677477028; 0.0; 0.0; 7.533253276306279e-07
906000; 3.1048347089500083; 90.86316327351064; 0.0; 0.0; 7.506932977231221e-07
907000; 3.0893492812358385; 90.4099813560653; 0.0; 0.0; 7.480704638179011e-07
908000; 3.0739410874146036; 89.95905969286275; 0.0; 0.0; 7.454567937852169e-07
909000; 3.0586097422806544; 89.51038701083786; 0.0; 0.0; 7.428522556075781e-07
910000; 3.0433548625495654; 89.06395209315026; 0.0; 0.0; 7.402568173793605e-07
911000; 3.0281760668485487; 88.61974377890374; 0.0; 0.0; 7.376704473064127e-07
912000; 3.01307297570692; 88.1777509628673; 0.0; 0.0; 7.35093113705669e-07
913000; 2.9980452115466125; 87.73796259519744; 0.0; 0.0; 7.325247850047604e-07
914000; 2.9830923986727456; 87.30036768116226; 0.0; 0.0; 7.29965429741629e-07
915000; 2.9682141632642143; 86.86495528086598; 0.0; 0.0; 7.274150165641402e-07
916000; 2.953410133364359; 86.43171450897596; 0.0; 0.0; 7.248735142297008e-07
917000; 2.938679938871662; 86.0006345344503; 0.0; 0.0; 7.223408916048754e-07
918000; 2.9240232115304927; 85.57170458026722; 0.0; 0.0; 7.198171176650052e-07
919000; 2.9094395849219046; 85.1449139231555; 0.0; 0.0; 7.173021614938278e-07
920000; 2.894928694454473; 84.7202518933265; 0.0; 0.0; 7.147959922830988e-07
921000; 2.8804901773551785; 84.29770787420728; 0.0; 0.0; 7.122985793322135e-07
922000; 2.866123672660345; 83.87727130217547; 0.0; 0.0; 7.09809892047833e-07
923000; 2.8518288212066065; 83.45893166629486; 0.0; 0.0; 7.073298999435062e-07
924000; 2.8376052656219306; 83.04267850805272; 0.0; 0.0; 7.048585726392992e-07
925000; 2.8234526503166872; 82.62850142109842; 0.0; 0.0; 7.023958798614214e-07
926000; 2.8093706214747565; 82.21639005098322; 0.0; 0.0; 6.999417914418554e-07
927000; 2.7953588270446845; 81.8063340949014; 0.0; 0.0; 6.974962773179875e-07
928000; 2.7814169167308807; 81.39832330143271; 0.0; 0.0; 6.950593075322392e-07
929000; 2.76754454198486; 80.99234747028605; 0.0; 0.0; 6.926308522316999e-07
930000; 2.75374135599653; 80.58839645204444; 0.0; 0.0; 6.902108816677616e-07
931000; 2.7400070136855263; 80.1864601479115; 0.0; 0.0; 6.877993661957554e-07
932000; 2.7263411716925736; 79.78652850945865; 0.0; 0.0; 6.85396276274586e-07
933000; 2.7127434883709105; 79.38859153837409; 0.0; 0.0; 6.830015824663723e-07
934000; 2.6992136237777453; 78.99263928621282; 0.0; 0.0; 6.806152554360847e-07
935000; 2.6857512396657586; 78.59866185414789; 0.0; 0.0; 6.782372659511875e-07
936000; 2.6723559994746466; 78.20664939272301; 0.0; 0.0; 6.758675848812797e-07
937000; 2.6590275683227067; 77.81659210160622; 0.0; 0.0; 6.735061831977384e-07
938000; 2.645765612998464; 77.42848022934484; 0.0; 0.0; 6.711530319733634e-07
939000; 2.632569801952349; 77.04230407312201; 0.0; 0.0; 6.688081023820233e-07
940000; 2.6194398052883954; 76.65805397851362; 0.0; 0.0; 6.664713656983009e-07
941000; 2.6063752947560035; 76.27572033924731; 0.0; 0.0; 6.641427932971429e-07
942000; 2.5933759437417296; 75.89529359696218; 0.0; 0.0; 6.618223566535079e-07
943000; 2.5804414272611207; 75.51676424096985; 0.0; 0.0; 6.59510027342018e-07
944000; 2.567571421950592; 75.14012280801673; 0.0; 0.0; 6.572057770366106e-07
945000; 2.5547656060593393; 74.76535988204733; 0.0; 0.0; 6.549095775101903e-07
946000; 2.5420236594412966; 74.39246609396898; 0.0; 0.0; 6.526214006342837e-07
947000; 2.52934526354714; 74.02143212141765; 0.0; 0.0; 6.503412183786966e-07
948000; 2.516730101416308; 73.65224868852462; 0.0; 0.0; 6.480690028111674e-07
949000; 2.5041778576690916; 73.28490656568488; 0.0; 0.0; 6.458047260970268e-07
950000; 2.491688218498743; 72.91939656932618; 0.0; 0.0; 6.435483604988567e-07
951000; 2.479260871663633; 72.55570956167965; 0.0; 0.0; 6.412998783761507e-07
952000; 2.466895506479442; 72.19383645055107; 0.0; 0.0; 6.390592521849741e-07
953000; 2.4545918138113976; 71.83376818909387; 0.0; 0.0; 6.368264544776285e-07
954000; 2.442349486066542; 71.47549577558273; 0.0; 0.0; 6.346014579023138e-07
955000; 2.4301682171860413; 71.1190102531886; 0.0; 0.0; 6.323842352027939e-07
956000; 2.418047702637544; 70.76430270975501; 0.0; 0.0; 6.301747592180637e-07
957000; 2.405987639407553; 70.41136427757478; 0.0; 0.0; 6.279730028820145e-07
958000; 2.393987725993859; 70.06018613316876; 0.0; 0.0; 6.257789392231033e-07
959000; 2.382047662398002; 69.71075949706504; 0.0; 0.0; 6.235925413640233e-07
960000; 2.3701671501177692; 69.36307563357951; 0.0; 0.0; 6.214137825213731e-07
961000; 2.358345892139736; 69.01712585059748; 0.0; 0.0; 6.192426360053298e-07
962000; 2.3465835929318373; 68.67290149935637; 0.0; 0.0; 6.170790752193212e-07
963000; 2.3348799584359776; 68.33039397422941; 0.0; 0.0; 6.149230736597004e-07
964000; 2.3232346960606893; 67.98959471251072; 0.0; 0.0; 6.127746049154219e-07
965000; 2.3116475146738047; 67.650495194201; 0.0; 0.0; 6.106336426677168e-07
966000; 2.300118124595185; 67.31308694179458; 0.0; 0.0; 6.085001606897702e-07
967000; 2.2886462375894783; 66.9773615200676; 0.0; 0.0; 6.063741328464016e-07
968000; 2.277231566858912; 66.64331053586703; 0.0; 0.0; 6.042555330937433e-07
969000; 2.2658738270361227; 66.31092563790088; 0.0; 0.0; 6.021443354789216e-07
970000; 2.2545727341770236; 65.98019851652936; 0.0; 0.0; 6.000405141397396e-07
971000; 2.243328005753703; 65.65112090355716; 0.0; 0.0; 5.979440433043589e-07
972000; 2.2321393606473676; 65.32368457202693; 0.0; 0.0; 5.958548972909865e-07
973000; 2.221006519141307; 64.99788133601332; 0.0; 0.0; 5.937730505075573e-07
974000; 2.2099292029139015; 64.67370305041838; 0.0; 0.0; 5.916984774514219e-07
975000; 2.1989071350316696; 64.35114161076815; 0.0; 0.0; 5.896311527090347e-07
976000; 2.18794003994234; 64.03018895300978; 0.0; 0.0; 5.875710509556417e-07
977000; 2.1770276434679645; 63.710837053310186; 0.0; 0.0; 5.855181469549708e-07
978000; 2.166169672798062; 63.39307792785518; 0.0; 0.0; 5.834724155589217e-07
979000; 2.1553658564828018; 63.0769036326501; 0.0; 0.0; 5.8143383170726e-07
980000; 2.1446159244262097; 62.76230626332103; 0.0; 0.0; 5.794023704273071e-07
981000; 2.1339196078794296; 62.449277954917484; 0.0; 0.0; 5.77378006833638e-07
982000; 2.123276639433988; 62.137810881715374; 0.0; 0.0; 5.753607161277726e-07
983000; 2.1126867530151197; 61.82789725702165; 0.0; 0.0; 5.73350473597875e-07
984000; 2.1021496838751124; 61.51952933297956; 0.0; 0.0; 5.713472546184488e-07
985000; 2.0916651685866894; 61.212699400374945; 0.0; 0.0; 5.693510346500364e-07
986000; 2.0812329450364215; 60.9073997884435; 0.0; 0.0; 5.673617892389184e-07
987000; 2.0708527524181775; 60.60362286467901; 0.0; 0.0; 5.653794940168135e-07
988000; 2.0605243312265995; 60.30136103464256; 0.0; 0.0; 5.634041247005802e-07
989000; 2.0502474232506227; 60.000606741772714; 0.0; 0.0; 5.614356570919203e-07
990000; 2.040021771567011; 59.70135246719644; 0.0; 0.0; 5.594740670770807e-07
991000; 2.0298471205339395; 59.403590729541285; 0.0; 0.0; 5.57519330626559e-07
992000; 2.0197232157846026; 59.10731408474832; 0.0; 0.0; 5.555714237948095e-07
993000; 2.0096498042208544; 58.81251512588599; 0.0; 0.0; 5.53630322719949e-07
994000; 1.9996266340068816; 58.519186482964955; 0.0; 0.0; 5.51696003623465e-07
995000; 1.9896534545629057; 58.22732082275386; 0.0; 0.0; 5.497684428099246e-07
996000; 1.9797300165589202; 57.93691084859597; 0.0; 0.0; 5.478476166666832e-07
997000; 1.9698560719084612; 57.6479493002269; 0.0; 0.0; 5.459335016635972e-07
998000; 1.960031373762397; 57.36042895359282; 0.0; 0.0; 5.440260743527337e-07
999000; 1.9502556765027619; 57.07434262067012; 0.0; 0.0; 5.421253113680841e-07